source,section_number,section_name,section_position,store_index,store_id,object_id,mobile_asset_id,price,generation_lock,item_type,short_text_id,long_text_id,short_text_key,long_text_key,short_description,long_description,image_path,record_offset,notes
desktop_base,0,Living Room,0,22,506,45,,250,2,5,1390,1391,eString_ChairBeanbagBlueStdShortDesc,eString_ChairBeanbagBlueStdLongDesc,Blue Beanbag Chair,"Beanbag chairs? They're back! Comfy, portable, and just a little silly!",Furniture/ChairBeanbagBlueStd.png,0x14d080,
desktop_base,0,Living Room,1,23,507,46,,250,2,5,1392,1393,eString_ChairBeanbagBrownStdShortDesc,eString_ChairBeanbagBrownStdLongDesc,Brown Beanbag Chair,"Comfy, portable, and just a little silly!",Furniture/ChairBeanbagBrownStd.png,0x14d0ec,
desktop_base,0,Living Room,2,24,508,47,,250,2,5,1394,1395,eString_ChairBeanbagGreenStdShortDesc,eString_ChairBeanbagGreenStdLongDesc,Green Beanbag Chair,"Comfy, portable, and just a little silly!",Furniture/ChairBeanbagGreenStd.png,0x14d158,
desktop_base,0,Living Room,3,25,509,48,,350,2,5,1396,1397,eString_ChairBeanbagOrgStdShortDesc,eString_ChairBeanbagOrgStdLongDesc,Orange Beanbag Chair,"Comfy, portable, and just a little silly!",Furniture/ChairBeanbagOrgStd.png,0x14d1c4,
desktop_base,0,Living Room,4,26,510,49,,300,2,5,1398,1399,eString_ChairBeanbagRedStdShortDesc,eString_ChairBeanbagRedStdLongDesc,Red Beanbag Chair,"Comfy, portable, and just a little silly!",Furniture/ChairBeanbagRedStd.png,0x14d230,
desktop_base,0,Living Room,5,30,445,52,,750,3,5,1270,1271,eString_CouchBeigeStdShortDesc,eString_CouchBeigeStdLongDesc,Large Quality Couch,A luxurious three seat couch in beige.,Furniture/CouchBeigeStd.png,0x14d3e0,
desktop_base,0,Living Room,6,31,446,53,,700,3,5,1272,1273,eString_CouchBrownStdShortDesc,eString_CouchBrownStdLongDesc,Large Quality Couch,A luxurious three seat couch in brown.,Furniture/CouchBrownStd.png,0x14d44c,
desktop_base,0,Living Room,7,32,447,54,,1800,3,5,1274,1275,eString_CouchGoldStdShortDesc,eString_CouchGoldStdLongDesc,Large Quality Couch,A luxurious three seat couch in gold.,Furniture/CouchGoldStd.png,0x14d4b8,
desktop_base,0,Living Room,8,33,448,55,,850,3,5,1276,1277,eString_CouchLandLordGreenStdShortDesc,eString_CouchLandLordGreenStdLongDesc,Large Sturdy Couch,A three seat couch in that curious shade of green often seen in apartments and institutional settings.,Furniture/CouchLandlordGreenStd.png,0x14d524,
desktop_base,0,Living Room,9,34,449,56,,225,3,5,1278,1279,eString_CouchPlumbStdShortDesc,eString_CouchPlumbStdLongDesc,Large Quality Couch,A luxurious three seat couch in plum.,Furniture/CouchPlumbStd.png,0x14d590,
desktop_base,0,Living Room,10,36,451,58,,45,0,5,1282,1283,eString_CouchWornBeigeStdShortDesc,eString_CouchWornBeigeStdLongDesc,Used Couch,"A perfectly serviceable couch, though definitely showing signs of wear. This one was originally beige. ",Furniture/CouchLightlyWornBeigeStd.png,0x14d668,
desktop_base,0,Living Room,11,37,452,59,,75,0,5,1284,1285,eString_CouchWornLandLordGreenStdShortDesc,eString_CouchWornLandLordGreenStdLongDesc,Used Couch,"A perfectly serviceable couch, though definitely showing signs of wear. This one is greenish. ",Furniture/CouchWornLandlordGreenStd.png,0x14d6d4,
desktop_base,0,Living Room,12,38,453,60,,55,0,5,1286,1287,eString_CouchWornSteelBlueStdShortDesc,eString_CouchWornSteelBlueStdLongDesc,Used Couch,"A perfectly serviceable couch, though definitely showing signs of wear. It's hard to tell what shade of blue it was originally, but it's certainly in the blue family.",Furniture/CouchWornSteelBlueStd.png,0x14d740,
desktop_base,0,Living Room,13,35,450,57,,45,0,5,1280,1281,eString_CouchTrashedBeigeStdShortDesc,eString_CouchTrashedBeigeStdLongDesc,Usable Couch,"While still usable, this couch looks like it was abandoned at the curbside by college students who found a slightly less nasty one on another curbside.",Furniture/CouchTrashedBeigeStd.png,0x14d5fc,
desktop_base,0,Living Room,14,86,466,108,,2150,3,5,1314,1315,eString_SofaChildrensGreyYellowStdShortDesc,eString_SofaChildrensGreyYellowStdLongDesc,Kids' Sofa,This fun sofa is made just for kids!,Furniture/SofaChildrensGreyYellowStd.png,0x14eb80,
desktop_base,0,Living Room,15,88,468,110,,750,3,5,1318,1319,eString_SofaTanStdShortDesc,eString_SofaTanStdLongDesc,Tan Loveseat,A cozy and comfortable seat for two.,Furniture/SofaTanStd.png,0x14ec58,
desktop_base,0,Living Room,16,87,467,109,,1150,3,5,1316,1317,eString_SofaWhiteStdShortDesc,eString_SofaWhiteStdLongDesc,White Loveseat,A cozy and comfortable seat for two.,Furniture/SofaWhiteStd.png,0x14ebec,
desktop_base,0,Living Room,17,89,469,111,,750,3,5,1320,1321,eString_SofaBrownStdShortDesc,eString_SofaBrownStdLongDesc,Brown Loveseat,A cozy and comfortable seat for two.,Furniture/SofaBrownStd.png,0x14ecc4,
desktop_base,0,Living Room,18,90,470,112,,99,0,5,1322,1323,eString_SofaWornWhiteStdShortDesc,eString_SofaWornWhiteStdLongDesc,Second Hand Loveseat,"Showing a little wear and tear from its previous owners, this little couch is still quite comfy.",Furniture/SofaWornWhiteStd.png,0x14ed30,
desktop_base,0,Living Room,19,7,433,23,,850,0,5,1246,1247,eString_RenderedBed1PairShortDesc,eString_RenderedBed1PairLongDesc,Standard Adult Bed,This is a cozy bed that is comfortable for two adults.,Furniture/Rendered BedPair 1.png,0x14ca2c,
desktop_base,0,Living Room,20,10,438,34,,850,0,5,1256,1257,eString_BedAdultOrangeStdShortDesc,eString_BedAdultOrangeStdLongDesc,Standard Adult Bed,This is a cozy bed that is comfortable for two adults.,Furniture/BedAdultOrangeStd.png,0x14cb70,
desktop_base,0,Living Room,21,11,439,35,,850,0,5,1258,1259,eString_BedAdultBrownStdShortDesc,eString_BedAdultBrownStdLongDesc,Standard Adult Bed,This is a cozy bed that is comfortable for two adults.,Furniture/BedAdultBrownStd.png,0x14cbdc,
desktop_base,0,Living Room,22,12,440,36,,850,0,5,1260,1261,eString_BedAdultGreenStdShortDesc,eString_BedAdultGreenStdLongDesc,Standard Adult Bed,This is a cozy bed that is comfortable for two adults.,Furniture/BedAdultGreenStd.png,0x14cc48,
desktop_base,0,Living Room,23,13,441,37,,850,0,5,1262,1263,eString_BedAdultRedStdShortDesc,eString_BedAdultRedStdLongDesc,Standard Adult Bed,This is a cozy bed that is comfortable for two adults.,Furniture/BedAdultRedStd.png,0x14ccb4,
desktop_base,0,Living Room,24,14,442,38,,850,0,5,1264,1265,eString_BedAdultRoseStdShortDesc,eString_BedAdultRoseStdLongDesc,Standard Adult Bed,This is a cozy bed that is comfortable for two adults.,Furniture/BedAdultRoseStd.png,0x14cd20,
desktop_base,0,Living Room,25,15,443,39,,1350,0,5,1266,1267,eString_BedAdultSkyBlueStdShortDesc,eString_BedAdultSkyBlueStdLongDesc,Standard Adult Bed,This is a cozy bed that is comfortable for two adults.,Furniture/BedAdultSkyBlueStd.png,0x14cd8c,
desktop_base,0,Living Room,26,18,436,119,,550,0,5,1252,1253,eString_BedKidsPinkStdShortDesc,eString_BedKidsPinkStdLongDesc,Pink Children's Bed,A traditional kid's bed in pink.,Furniture/BedKidsPinkStd.png,0x14ced0,
desktop_base,0,Living Room,27,19,437,120,,550,0,5,1254,1255,eString_BedKidsBlueStdShortDesc,eString_BedKidsBlueStdLongDesc,Blue Children's Bed,A traditional kid's bed in blue.,Furniture/BedKidsBlueStd.png,0x14cf3c,
desktop_base,0,Living Room,28,16,434,30,,750,4,5,1248,1249,eString_BedBoatStdShortDesc,eString_BedBoatStdLongDesc,Boat Shaped Bed,A fun bed for the kids styled as a boat.,Furniture/BedBoatStd.png,0x14cdf8,
desktop_base,0,Living Room,29,17,435,33,,950,4,5,1250,1251,eString_BedCarRedStdShortDesc,eString_BedCarRedStdLongDesc,Car Shaped Bed,A fun bed for the little racer in the family.,Furniture/BedCarRedStd.png,0x14ce64,
desktop_base,0,Living Room,30,91,471,113,,550,3,5,1324,1325,eString_TableRectangularWhiteStdShortDesc,eString_TableRectangularWhiteStdLongDesc,White Rectangular Table,"You never know when you will need a good, flat surface to work on.",Furniture/TableRectangularWhiteStd.png,0x14ed9c,
desktop_base,0,Living Room,31,92,472,114,,625,3,5,1326,1327,eString_TableRoundWhiteStdShortDesc,eString_TableRoundWhiteStdLongDesc,White Circular Table,"You never know when you will need a good, flat surface to work on.",Furniture/TableRoundWhiteStd.png,0x14ee08,
desktop_base,0,Living Room,32,56,462,78,,950,3,5,1304,1305,eString_KidsTableAndChairsStdShortDesc,eString_KidsTableAndChairsStdLongDesc,Children's Chairs,"This is an activity center for children, which includes a kid-sized table and some small chairs.",Furniture/KidsTableAndChairsStd.png,0x14ded8,
desktop_base,0,Living Room,33,93,473,115,,150,3,5,1328,1329,eString_TableRoundWornWhiteStdShortDesc,eString_TableRoundWornWhiteStdLongDesc,Second Hand Round Table,"So it has few stains and chips? It's still a perfectly reasonable table, and at a very reasonable price!",Furniture/TableRoundWornWhiteStd.png,0x14ee74,
desktop_base,0,Living Room,34,94,474,116,,975,4,5,1324,1325,eString_TableRectangularWhiteStdShortDesc,eString_TableRectangularWhiteStdLongDesc,White Rectangular Table,"You never know when you will need a good, flat surface to work on.",Furniture/TableRectangularWhiteStools.png,0x14eee0,
desktop_base,0,Living Room,35,95,475,117,,1050,4,5,1326,1327,eString_TableRoundWhiteStdShortDesc,eString_TableRoundWhiteStdLongDesc,White Circular Table,"You never know when you will need a good, flat surface to work on.",Furniture/TableRoundWhiteStools.png,0x14ef4c,
desktop_base,0,Living Room,36,96,476,118,,275,3,5,1328,1329,eString_TableRoundWornWhiteStdShortDesc,eString_TableRoundWornWhiteStdLongDesc,Second Hand Round Table,"So it has few stains and chips? It's still a perfectly reasonable table, and at a very reasonable price!",Furniture/TableRoundWornWhiteStools.png,0x14efb8,
desktop_base,0,Living Room,37,105,498,130,,150,0,5,1374,1375,eString_TVOldStyleStdShortDesc,eString_TVOldStyleStdLongDesc,Classic TV,"This is the old style of TV that has been standard issue for couch potatoes everywhere for decades. While functional, they are rapidly being replaced by the newer flat screen type.",Furniture/OldStyleTV.png,0x14f384,
desktop_base,0,Living Room,38,106,499,129,,5000,3,5,1376,1377,eString_TVFlatScreenStdShortDesc,eString_TVFlatScreenStdLongDesc,Flat Screen TV,"If you're going to be a couch potato, why not do it in style? This modern flat screen unit features a vivid, panoramic picture!",Furniture/TVFlatScreenStd.png,0x14f3f0,
desktop_base,0,Living Room,39,111,479,136,,950,3,5,1334,1335,eString_WasherStdShortDesc,eString_WasherStdLongDesc,Automatic Clothes Washer,This is a common household clothes washing machine.,Furniture/WasherStd.png,0x14f60c,
desktop_base,0,Living Room,40,45,459,65,,650,3,5,1298,1299,eString_DryerStdShortDesc,eString_DryerStdLongDesc,Laundry Dryer,This is an ordinary electric clothes dryer.,Furniture/DryerStd.png,0x14da34,
desktop_base,0,Living Room,41,72,486,98,,1550,3,3,1348,1349,eString_RugOvalBlackStdShortDesc,eString_RugOvalBlackStdLongDesc,Small Sepia Oval Rug,"A small rug, dyed with sepia, that will be a striking accent to any room.",Furniture/RugOvalBlackStd.png,0x14e598,
desktop_base,0,Living Room,42,73,487,99,,750,3,3,1350,1351,eString_RugOvalBlueStdShortDesc,eString_RugOvalBlueStdLongDesc,Small Lapis Oval Rug,"A small rug, dyed in a calming and beautiful shade of blue.",Furniture/RugOvalBlueStd.png,0x14e604,
desktop_base,0,Living Room,43,74,488,100,,850,3,3,1352,1353,eString_RugOvalBrownStdShortDesc,eString_RugOvalBrownStdLongDesc,Small Brown Oval Rug,A small rug that can be used in various locations around the house as a decorative accent or to protect the floor.,Furniture/RugOvalBrownStd.png,0x14e670,
desktop_base,0,Living Room,44,75,489,101,,750,3,3,1354,1355,eString_RugOvalGreenStdShortDesc,eString_RugOvalGreenStdLongDesc,Small Green Oval Rug,A forest-green rug that will bring the colors of the forest into any room.,Furniture/RugOvalGreenStd.png,0x14e6dc,
desktop_base,0,Living Room,45,76,529,94,,14500,5,3,1446,1447,eString_RugOriental1StdShortDesc,eString_RugOriental1StdLongDesc,Antique Oriental Rug,"This large, exceptional oriental rug will inevitably become a family heirloom.",Furniture/RugOriental1Std.png,0x14e748,
desktop_base,0,Living Room,46,77,530,95,,8800,5,3,1448,1449,eString_RugOriental2StdShortDesc,eString_RugOriental2StdLongDesc,Quality Oriental Rug,"A large, quality oriental rug such as this can really help to define the decor of any room.",Furniture/RugOriental2Std.png,0x14e7b4,
desktop_base,0,Living Room,47,78,531,96,,7600,5,3,1450,1451,eString_RugOriental3StdShortDesc,eString_RugOriental3StdLongDesc,Intricate Oriental Rug,The stitchwork on this large oriental rug is second-to-none.,Furniture/RugOriental3Std.png,0x14e820,
desktop_base,0,Living Room,48,79,532,97,,4500,5,3,1452,1453,eString_RugOriental4StdShortDesc,eString_RugOriental4StdLongDesc,Modern Oriental Rug,This medium-sized oriental rug has a more modern look.,Furniture/RugOriental4Std.png,0x14e88c,
desktop_base,0,Living Room,49,5,503,40,,450,2,5,1384,1385,eString_BookCaseBirchSmStdShortDesc,eString_BookCaseBirchSmStdLongDesc,Small Birch Book Case,"This is a standard small book case. It's nothing fancy, but it's a good home for your family's reading material. It's finished in birch veneer.",Furniture/BookCaseBirchSmStd.png,0x14c954,
desktop_base,0,Living Room,50,6,504,41,,2450,4,5,1386,1387,eString_BookCaseBirchStdShortDesc,eString_BookCaseBirchStdLongDesc,Large Birch Book Case,"This is a standard large book case. It's nothing fancy, but it has plenty of space for your family's reading material. It's finished in birch veneer.",Furniture/BookCaseBirchStd.png,0x14c9c0,
desktop_base,0,Living Room,51,44,458,325,,250,0,5,1296,1297,eString_DresserStd1ShortDesc,eString_DresserStd1LongDesc,Standard Dresser,It's a vertical wooden dresser with 6 drawers.,Furniture/DresserStd1.png,0x14d9c8,
desktop_base,0,Living Room,52,39,454,326,,2200,4,5,1288,1289,eString_CradenzaLargeStdShortDesc,eString_CradenzaLargeStdLongDesc,Large Credenza,"It's a large, general purpose credenza.",Furniture/LargeCradenzaStd.png,0x14d7ac,
desktop_base,0,Living Room,53,40,455,327,,450,3,5,1290,1291,eString_WideCabinetStdShortDesc,eString_WideCabinetStdLongDesc,Wide Cabinet,It's a wide cabinet for use in a bedroom or anywhere you need a little extra storage.,Furniture/SmallCradenzaStd.png,0x14d818,
desktop_base,0,Living Room,54,68,525,90,,35,0,5,1428,1429,eString_Poster1StdShortDesc,eString_Poster1StdLongDesc,Landscape Poster,Personalize your space with a cool poster!,Furniture/Poster1Std.png,0x14e3e8,
desktop_base,0,Living Room,55,69,526,91,,35,0,5,1430,1431,eString_Poster2StdShortDesc,eString_Poster2StdLongDesc,Farm Poster,Personalize your space with a farm poster!,Furniture/Poster2Std.png,0x14e454,
desktop_base,0,Living Room,56,70,527,92,,55,0,5,1432,1433,eString_Poster3StdShortDesc,eString_Poster3StdLongDesc,Rose Poster,It is a rose.,Furniture/Poster3Std.png,0x14e4c0,
desktop_base,0,Living Room,57,71,528,93,,75,0,5,1434,1435,eString_Poster4StdShortDesc,eString_Poster4StdLongDesc,Art Poster,Personalize your space with a cool art poster!,Furniture/Poster4Std.png,0x14e52c,
desktop_base,0,Living Room,58,107,537,131,,450,4,5,1462,1463,eString_WallPainting1StdShortDesc,eString_WallPainting1StdLongDesc,Wall Painting,Bring sophistication to any room by hanging a fine art painting.,Furniture/WallPainting1Std.png,0x14f45c,
desktop_base,0,Living Room,59,108,538,132,,350,4,5,1464,1465,eString_WallPainting2StdShortDesc,eString_WallPainting2StdLongDesc,Wall Painting,Bring sophistication to any room by hanging a fine art painting.,Furniture/WallPainting2Std.png,0x14f4c8,
desktop_base,0,Living Room,60,109,539,133,,4150,4,5,1466,1467,eString_WallPainting3StdShortDesc,eString_WallPainting3StdLongDesc,Wall Painting,Bring sophistication to any room by hanging a fine art painting.,Furniture/WallPainting3Std.png,0x14f534,
desktop_base,0,Living Room,61,110,540,134,,13150,4,5,1468,1469,eString_WallPainting4StdShortDesc,eString_WallPainting4StdLongDesc,Wall Painting,Bring sophistication to any room by hanging a fine art painting.,Furniture/WallPainting4Std.png,0x14f5a0,
desktop_base,0,Living Room,62,42,456,63,,25,0,6,1292,1293,eString_DollHippoPurpleStdShortDesc,eString_DollHippoPurpleStdLongDesc,Hippo Doll,It's a purple hippo plush toy.,Furniture/DollHippoPurpleStd.png,0x14d8f0,
desktop_base,0,Living Room,63,43,457,64,,30,0,6,1294,1295,eString_DollPinkStdShortDesc,eString_DollPinkStdLongDesc,Pink Doll,It's a perfect doll for a child's play time.,Furniture/DollPinkStd.png,0x14d95c,
desktop_base,0,Living Room,64,97,477,121,,65,0,6,1330,1331,eString_TeddyBearStdShortDesc,eString_TeddyBearStdLongDesc,Teddy Bear,"A warm, fuzzy, plush bear for the kids!",Furniture/TeddyBearStd.png,0x14f024,
desktop_base,0,Living Room,65,103,478,127,,220,3,5,1332,1333,eString_ToysChildrensStdShortDesc,eString_ToysChildrensStdLongDesc,Toy Assortment.,Got kids? Engage their imaginations with these quality toys!,Furniture/ToysChidrensStd.png,0x14f2ac,
desktop_base,0,Living Room,66,2,502,27,,150,0,5,1382,1383,eString_BalloonsStdShortDesc,eString_BalloonsStdLongDesc,Balloons!,It's just not a party without balloons!,Furniture/BallonsStd.png,0x14c810,
desktop_base,0,Living Room,67,20,480,43,,75,2,5,1336,1337,eString_BubbleMakerStdShortDesc,eString_BubbleMakerStdLongDesc,Bubble Maker,Kids will love this gizmo. It automatically produces swarms of beautiful soap bubbles!,Furniture/BubbleMakerStd.png,0x14cfa8,
desktop_base,0,Living Room,68,53,481,74,,450,3,5,1338,1339,eString_HammockStdShortDesc,eString_HammockStdLongDesc,Hammock,What could be better for relaxing outside than your own hammock in the garden?,Furniture/HammockStd.png,0x14dd94,
desktop_base,0,Living Room,69,63,482,85,,150,2,5,1340,1341,eString_PirateShipStdShortDesc,eString_PirateShipStdLongDesc,Toy Pirate Ship,Your family's kids can enjoy pretending to have adventures at sea with this miniature pirate ship toy.,Furniture/PirateShipStd.png,0x14e1cc,
desktop_base,0,Living Room,70,64,483,86,,18000,5,5,1342,1343,eString_PlayStructureStdShortDesc,eString_PlayStructureStdLongDesc,Play Structure,"This deluxe outdoor play structure will keep your kids busy for hours, plus they'll get a healthy dose of exercise!",Furniture/PlayStructureStd.png,0x14e238,
desktop_base,0,Living Room,71,65,484,87,,250,4,1,1344,1345,eString_PoolChildrensStdShortDesc,eString_PoolChildrensStdLongDesc,Kiddie Pool,"A small, portable wading pool for the kids to splash around in.",Furniture/PoolChildrensStd.png,0x14e2a4,
desktop_base,0,Living Room,72,66,485,88,,14150,4,1,1346,1347,eString_PoolLargeStdShortDesc,eString_PoolLargeStdLongDesc,Full Size Pool,Cannonball!!! This full size pool is big enough for teens and adults to swim and dive.,Furniture/PoolLargeStd.png,0x14e310,
desktop_base,0,Living Room,73,3,429,26,,650,2,5,1238,1239,eString_BBQPairShortDesc,eString_BBQPairLongDesc,Outdoor Grill,This outdoor grill makes cooking outside easy and more convenient than charcoal.,Furniture/bbq pair.png,0x14c87c,
desktop_base,0,Living Room,74,8,430,31,,175,0,5,1240,1241,eString_BBQSmallStdShortDesc,eString_BBQSmallStdLongDesc,Basic Charcoal Grill,This is a basic outdoor grill. It's nice to enjoy a meal outside once in a while!,Furniture/BBQSmallStd.png,0x14ca98,
desktop_base,0,Living Room,75,9,431,32,,4500,5,5,1242,1243,eString_BBQUltimateStdShortDesc,eString_BBQUltimateStdLongDesc,Deluxe Gas Grill,"This is a deluxe, gas-fired outdoor grill with plenty of cooking space!",Furniture/BBQUltimateStd.png,0x14cb04,
desktop_base,0,Living Room,76,4,432,29,,750,3,5,1244,1245,eString_BBQPairRedShortDesc,eString_BBQPairRedLongDesc,Basic Gas Grill,This is a basic outdoor gas grill. In red!,Furniture/bbq pair red.png,0x14c8e8,
desktop_base,1,Dining Room,0,193,622,206,,2210,7,5,1608,1609,eString_CouchBlueShortDesc,eString_CouchBlueLongDesc,Blue Couch,"A vivid, soft blue couch.",Furniture/CouchBlue.png,0x1518a4,
desktop_base,1,Dining Room,1,194,623,207,,1950,5,5,1610,1611,eString_CouchGreenShortDesc,eString_CouchGreenLongDesc,Green Couch,"A lush, velvety couch.",Furniture/CouchGreen.png,0x151910,
desktop_base,1,Dining Room,2,195,624,208,,1525,3,5,1612,1613,eString_CouchOrangeShortDesc,eString_CouchOrangeLongDesc,Orange Couch,A bright orange couch.,Furniture/CouchOrange.png,0x15197c,
desktop_base,1,Dining Room,3,196,625,209,,1780,4,5,1614,1615,eString_CouchPinkShortDesc,eString_CouchPinkLongDesc,Pink Couch,"A delicate, lovely pink couch.",Furniture/CouchPink.png,0x1519e8,
desktop_base,1,Dining Room,4,197,626,210,,2450,9,5,1616,1617,eString_CouchRedShortDesc,eString_CouchRedLongDesc,Red Couch,"A deep, lush red couch.",Furniture/CouchRed.png,0x151a54,
desktop_base,1,Dining Room,5,198,627,211,,1415,7,5,1618,1619,eString_SofaBlueShortDesc,eString_SofaBlueLongDesc,Blue Sofa,A beautiful ocean blue couch.,Furniture/SofaBlue.png,0x151ac0,
desktop_base,1,Dining Room,6,199,628,212,,1250,5,5,1620,1621,eString_SofaGreenShortDesc,eString_SofaGreenLongDesc,Green Sofa,A verdant green sofa.,Furniture/SofaGreen.png,0x151b2c,
desktop_base,1,Dining Room,7,200,629,213,,980,3,5,1622,1623,eString_SofaOrangeShortDesc,eString_SofaOrangeLongDesc,Orange Sofa,A bright orange sofa.,Furniture/SofaOrange.png,0x151b98,
desktop_base,1,Dining Room,8,201,630,214,,1150,4,5,1624,1625,eString_SofaPinkShortDesc,eString_SofaPinkLongDesc,Pink Sofa,A lovely pink sofa.,Furniture/SofaPink.png,0x151c04,
desktop_base,1,Dining Room,9,202,631,215,,1575,9,5,1626,1627,eString_SofaRedShortDesc,eString_SofaRedLongDesc,Red Sofa,"A soft, deep red sofa.",Furniture/SofaRed.png,0x151c70,
desktop_base,1,Dining Room,10,203,632,216,,1595,7,5,1628,1629,eString_BookshelfBlueShortDesc,eString_BookshelfBlueLongDesc,Blue Bookshelf,A large blue bookshelf.,Furniture/BookshelfBlue.png,0x151cdc,
desktop_base,1,Dining Room,11,204,633,217,,1425,5,5,1630,1631,eString_BookshelfGreenShortDesc,eString_BookshelfGreenLongDesc,Green Bookshelf,A large green bookshelf.,Furniture/BookshelfGreen.png,0x151d48,
desktop_base,1,Dining Room,12,205,634,218,,1095,3,5,1632,1633,eString_BookshelfOrangeShortDesc,eString_BookshelfOrangeLongDesc,Orange Bookshelf,A large orange bookshelf.,Furniture/BookshelfOrange.png,0x151db4,
desktop_base,1,Dining Room,13,206,635,219,,1295,4,5,1634,1635,eString_BookshelfPinkShortDesc,eString_BookshelfPinkLongDesc,Pink Bookshelf,A large pink bookshelf.,Furniture/BookshelfPink.png,0x151e20,
desktop_base,1,Dining Room,14,207,636,220,,1775,9,5,1636,1637,eString_BookshelfRedShortDesc,eString_BookshelfRedLongDesc,Red Bookshelf,A large red bookshelf.,Furniture/BookshelfRed.png,0x151e8c,
desktop_base,1,Dining Room,15,208,637,221,,650,7,5,1638,1639,eString_CoffeeTableBlueShortDesc,eString_CoffeeTableBlueLongDesc,Blue Coffee Table,A chic blue coffee table.,Furniture/CoffeeTableBlue.png,0x151ef8,
desktop_base,1,Dining Room,16,209,638,222,,580,5,5,1640,1641,eString_CoffeeTableGreenShortDesc,eString_CoffeeTableGreenLongDesc,Green Coffee Table,A striking green coffee table.,Furniture/CoffeeTableGreen.png,0x151f64,
desktop_base,1,Dining Room,17,210,639,223,,450,3,5,1642,1643,eString_CoffeeTableOrangeShortDesc,eString_CoffeeTableOrangeLongDesc,Orange Coffee Table,A bright orange coffee table.,Furniture/CoffeeTableOrange.png,0x151fd0,
desktop_base,1,Dining Room,18,211,640,224,,525,4,5,1644,1645,eString_CoffeeTablePinkShortDesc,eString_CoffeeTablePinkLongDesc,Pink Coffee Table,A lovely pink coffee table.,Furniture/CoffeeTablePink.png,0x15203c,
desktop_base,1,Dining Room,19,212,641,225,,725,9,5,1646,1647,eString_CoffeeTableRedShortDesc,eString_CoffeeTableRedLongDesc,Red Coffee Table,A flashy red coffee table.,Furniture/CoffeeTableRed.png,0x1520a8,
desktop_base,1,Dining Room,20,222,651,235,,3145,7,5,1666,1667,eString_CredenzaBlueShortDesc,eString_CredenzaBlueLongDesc,Blue Credenza,A very blue credenza.,Furniture/CredenzaBlue.png,0x1524e0,
desktop_base,1,Dining Room,21,223,652,236,,2795,5,5,1668,1669,eString_CredenzaGreenShortDesc,eString_CredenzaGreenLongDesc,Green Credenza,A forest green credenza.,Furniture/CredenzaGreen.png,0x15254c,
desktop_base,1,Dining Room,22,224,653,237,,2115,3,5,1670,1671,eString_CredenzaOrangeShortDesc,eString_CredenzaOrangeLongDesc,Orange Credenza,A solar orange credenza.,Furniture/CredenzaOrange.png,0x1525b8,
desktop_base,1,Dining Room,23,225,654,238,,2550,4,5,1672,1673,eString_CredenzaPinkShortDesc,eString_CredenzaPinkLongDesc,Pink Credenza,A dainty pink credenza.,Furniture/CredenzaPink.png,0x152624,
desktop_base,1,Dining Room,24,226,655,239,,3495,9,5,1674,1675,eString_CredenzaRedShortDesc,eString_CredenzaRedLongDesc,Red Credenza,A vivid red credenza.,Furniture/CredenzaRed.png,0x152690,
desktop_base,1,Dining Room,25,237,666,250,,1315,7,3,1696,1697,eString_ModernRugBlueShortDesc,eString_ModernRugBlueLongDesc,Modern Blue Rug,"A striking, ocean blue modern rug.",Furniture/ModernRugBlue.png,0x152b34,
desktop_base,1,Dining Room,26,238,667,251,,1175,5,3,1698,1699,eString_ModernRugGreenShortDesc,eString_ModernRugGreenLongDesc,Modern Green Rug,A deep forest green modern rug.,Furniture/ModernRugGreen.png,0x152ba0,
desktop_base,1,Dining Room,27,239,668,252,,895,3,3,1700,1701,eString_ModernRugOrangeShortDesc,eString_ModernRugOrangeLongDesc,Modern Orange Rug,"A bright, happy, modern orange rug.",Furniture/ModernRugOrange.png,0x152c0c,
desktop_base,1,Dining Room,28,240,669,253,,1050,4,3,1702,1703,eString_ModernRugPinkShortDesc,eString_ModernRugPinkLongDesc,Modern Pink Rug,A modern pink rug.,Furniture/ModernRugPink.png,0x152c78,
desktop_base,1,Dining Room,29,30,445,52,,750,3,5,1270,1271,eString_CouchBeigeStdShortDesc,eString_CouchBeigeStdLongDesc,Large Quality Couch,A luxurious three seat couch in beige.,Furniture/CouchBeigeStd.png,0x14d3e0,
desktop_base,1,Dining Room,30,31,446,53,,700,3,5,1272,1273,eString_CouchBrownStdShortDesc,eString_CouchBrownStdLongDesc,Large Quality Couch,A luxurious three seat couch in brown.,Furniture/CouchBrownStd.png,0x14d44c,
desktop_base,1,Dining Room,31,32,447,54,,1800,3,5,1274,1275,eString_CouchGoldStdShortDesc,eString_CouchGoldStdLongDesc,Large Quality Couch,A luxurious three seat couch in gold.,Furniture/CouchGoldStd.png,0x14d4b8,
desktop_base,1,Dining Room,32,33,448,55,,850,3,5,1276,1277,eString_CouchLandLordGreenStdShortDesc,eString_CouchLandLordGreenStdLongDesc,Large Sturdy Couch,A three seat couch in that curious shade of green often seen in apartments and institutional settings.,Furniture/CouchLandlordGreenStd.png,0x14d524,
desktop_base,1,Dining Room,33,34,449,56,,225,3,5,1278,1279,eString_CouchPlumbStdShortDesc,eString_CouchPlumbStdLongDesc,Large Quality Couch,A luxurious three seat couch in plum.,Furniture/CouchPlumbStd.png,0x14d590,
desktop_base,1,Dining Room,34,36,451,58,,45,0,5,1282,1283,eString_CouchWornBeigeStdShortDesc,eString_CouchWornBeigeStdLongDesc,Used Couch,"A perfectly serviceable couch, though definitely showing signs of wear. This one was originally beige. ",Furniture/CouchLightlyWornBeigeStd.png,0x14d668,
desktop_base,1,Dining Room,35,37,452,59,,75,0,5,1284,1285,eString_CouchWornLandLordGreenStdShortDesc,eString_CouchWornLandLordGreenStdLongDesc,Used Couch,"A perfectly serviceable couch, though definitely showing signs of wear. This one is greenish. ",Furniture/CouchWornLandlordGreenStd.png,0x14d6d4,
desktop_base,1,Dining Room,36,38,453,60,,55,0,5,1286,1287,eString_CouchWornSteelBlueStdShortDesc,eString_CouchWornSteelBlueStdLongDesc,Used Couch,"A perfectly serviceable couch, though definitely showing signs of wear. It's hard to tell what shade of blue it was originally, but it's certainly in the blue family.",Furniture/CouchWornSteelBlueStd.png,0x14d740,
desktop_base,1,Dining Room,37,35,450,57,,45,0,5,1280,1281,eString_CouchTrashedBeigeStdShortDesc,eString_CouchTrashedBeigeStdLongDesc,Usable Couch,"While still usable, this couch looks like it was abandoned at the curbside by college students who found a slightly less nasty one on another curbside.",Furniture/CouchTrashedBeigeStd.png,0x14d5fc,
desktop_base,1,Dining Room,38,22,506,45,,250,2,5,1390,1391,eString_ChairBeanbagBlueStdShortDesc,eString_ChairBeanbagBlueStdLongDesc,Blue Beanbag Chair,"Beanbag chairs? They're back! Comfy, portable, and just a little silly!",Furniture/ChairBeanbagBlueStd.png,0x14d080,
desktop_base,1,Dining Room,39,23,507,46,,250,2,5,1392,1393,eString_ChairBeanbagBrownStdShortDesc,eString_ChairBeanbagBrownStdLongDesc,Brown Beanbag Chair,"Comfy, portable, and just a little silly!",Furniture/ChairBeanbagBrownStd.png,0x14d0ec,
desktop_base,1,Dining Room,40,24,508,47,,250,2,5,1394,1395,eString_ChairBeanbagGreenStdShortDesc,eString_ChairBeanbagGreenStdLongDesc,Green Beanbag Chair,"Comfy, portable, and just a little silly!",Furniture/ChairBeanbagGreenStd.png,0x14d158,
desktop_base,1,Dining Room,41,25,509,48,,350,2,5,1396,1397,eString_ChairBeanbagOrgStdShortDesc,eString_ChairBeanbagOrgStdLongDesc,Orange Beanbag Chair,"Comfy, portable, and just a little silly!",Furniture/ChairBeanbagOrgStd.png,0x14d1c4,
desktop_base,1,Dining Room,42,26,510,49,,300,2,5,1398,1399,eString_ChairBeanbagRedStdShortDesc,eString_ChairBeanbagRedStdLongDesc,Red Beanbag Chair,"Comfy, portable, and just a little silly!",Furniture/ChairBeanbagRedStd.png,0x14d230,
desktop_base,1,Dining Room,43,88,468,110,,750,3,5,1318,1319,eString_SofaTanStdShortDesc,eString_SofaTanStdLongDesc,Tan Loveseat,A cozy and comfortable seat for two.,Furniture/SofaTanStd.png,0x14ec58,
desktop_base,1,Dining Room,44,87,467,109,,1150,3,5,1316,1317,eString_SofaWhiteStdShortDesc,eString_SofaWhiteStdLongDesc,White Loveseat,A cozy and comfortable seat for two.,Furniture/SofaWhiteStd.png,0x14ebec,
desktop_base,1,Dining Room,45,89,469,111,,750,3,5,1320,1321,eString_SofaBrownStdShortDesc,eString_SofaBrownStdLongDesc,Brown Loveseat,A cozy and comfortable seat for two.,Furniture/SofaBrownStd.png,0x14ecc4,
desktop_base,1,Dining Room,46,90,470,112,,99,0,5,1322,1323,eString_SofaWornWhiteStdShortDesc,eString_SofaWornWhiteStdLongDesc,Second Hand Loveseat,"Showing a little wear and tear from its previous owners, this little couch is still quite comfy.",Furniture/SofaWornWhiteStd.png,0x14ed30,
desktop_base,1,Dining Room,47,180,609,191,,1825,7,5,1582,1583,eString_SofaFlowersShortDesc,eString_SofaFlowersLongDesc,Elegant Flowery Sofa,Just like Grandma has!,Furniture/SofaFlowers.png,0x151328,
desktop_base,1,Dining Room,48,181,610,192,,1745,7,5,1584,1585,eString_SofaStripesShortDesc,eString_SofaStripesLongDesc,Elegant Striped Sofa,The stripes will help hide future stains.,Furniture/SofaStripes.png,0x151394,
desktop_base,1,Dining Room,49,86,466,108,,2150,3,5,1314,1315,eString_SofaChildrensGreyYellowStdShortDesc,eString_SofaChildrensGreyYellowStdLongDesc,Kids' Sofa,This fun sofa is made just for kids!,Furniture/SofaChildrensGreyYellowStd.png,0x14eb80,
desktop_base,1,Dining Room,50,182,611,193,,2695,7,5,1586,1587,eString_WhiteCouchShortDesc,eString_WhiteCouchLongDesc,A Modern White Couch,"A simple, yet stunning modern white couch",Furniture/WhiteCouch.png,0x151400,
desktop_base,1,Dining Room,51,179,608,190,,3395,7,5,1580,1581,eString_BlackCouchShortDesc,eString_BlackCouchLongDesc,Dramatic Gothic Couch,This incredible Gothic couch is unforgettable!,Furniture/BlackCouch.png,0x1512bc,
desktop_base,1,Dining Room,52,176,605,187,,795,7,5,1574,1575,eString_WhiteCoffeeTableShortDesc,eString_WhiteCoffeeTableLongDesc,Modern White Coffee Table,"A very modern, sleek white coffee table.",Furniture/WhiteCoffeeTable.png,0x151178,
desktop_base,1,Dining Room,53,158,587,169,,2150,7,5,1538,1539,eString_BlackCoffeeTableShortDesc,eString_BlackCoffeeTableLongDesc,Gothic Coffee Table,"A long, incredible Gothic-styled coffee table",Furniture/BlackCoffeeTable.png,0x1509e0,
desktop_base,1,Dining Room,54,5,503,40,,450,2,5,1384,1385,eString_BookCaseBirchSmStdShortDesc,eString_BookCaseBirchSmStdLongDesc,Small Birch Book Case,"This is a standard small book case. It's nothing fancy, but it's a good home for your family's reading material. It's finished in birch veneer.",Furniture/BookCaseBirchSmStd.png,0x14c954,
desktop_base,1,Dining Room,55,6,504,41,,2450,4,5,1386,1387,eString_BookCaseBirchStdShortDesc,eString_BookCaseBirchStdLongDesc,Large Birch Book Case,"This is a standard large book case. It's nothing fancy, but it has plenty of space for your family's reading material. It's finished in birch veneer.",Furniture/BookCaseBirchStd.png,0x14c9c0,
desktop_base,1,Dining Room,56,166,595,177,,1250,4,5,1554,1555,eString_LowerBookshelfShortDesc,eString_LowerBookshelfLongDesc,Square Birch Bookshelf,"A mid-sized square, birch bookshelf",Furniture/LowerBookshelf.png,0x150d40,
desktop_base,1,Dining Room,57,40,455,327,,450,3,5,1290,1291,eString_WideCabinetStdShortDesc,eString_WideCabinetStdLongDesc,Wide Cabinet,It's a wide cabinet for use in a bedroom or anywhere you need a little extra storage.,Furniture/SmallCradenzaStd.png,0x14d818,
desktop_base,1,Dining Room,58,175,604,186,,1950,7,5,1572,1573,eString_WhiteBookshelfShortDesc,eString_WhiteBookshelfLongDesc,Modern White Bookshelf,"A simple and clean modern, white bookshelf.",Furniture/WhiteBookshelf.png,0x15110c,
desktop_base,1,Dining Room,59,157,586,168,,3125,7,5,1536,1537,eString_BlackBookshelfShortDesc,eString_BlackBookshelfLongDesc,Black Bookshelf,"A dramatic black, Gothic bookshelf",Furniture/BlackBookshelf.png,0x150974,
desktop_base,1,Dining Room,60,72,486,98,,1550,3,3,1348,1349,eString_RugOvalBlackStdShortDesc,eString_RugOvalBlackStdLongDesc,Small Sepia Oval Rug,"A small rug, dyed with sepia, that will be a striking accent to any room.",Furniture/RugOvalBlackStd.png,0x14e598,
desktop_base,1,Dining Room,61,73,487,99,,750,3,3,1350,1351,eString_RugOvalBlueStdShortDesc,eString_RugOvalBlueStdLongDesc,Small Lapis Oval Rug,"A small rug, dyed in a calming and beautiful shade of blue.",Furniture/RugOvalBlueStd.png,0x14e604,
desktop_base,1,Dining Room,62,74,488,100,,850,3,3,1352,1353,eString_RugOvalBrownStdShortDesc,eString_RugOvalBrownStdLongDesc,Small Brown Oval Rug,A small rug that can be used in various locations around the house as a decorative accent or to protect the floor.,Furniture/RugOvalBrownStd.png,0x14e670,
desktop_base,1,Dining Room,63,75,489,101,,750,3,3,1354,1355,eString_RugOvalGreenStdShortDesc,eString_RugOvalGreenStdLongDesc,Small Green Oval Rug,A forest-green rug that will bring the colors of the forest into any room.,Furniture/RugOvalGreenStd.png,0x14e6dc,
desktop_base,1,Dining Room,64,76,529,94,,14500,5,3,1446,1447,eString_RugOriental1StdShortDesc,eString_RugOriental1StdLongDesc,Antique Oriental Rug,"This large, exceptional oriental rug will inevitably become a family heirloom.",Furniture/RugOriental1Std.png,0x14e748,
desktop_base,1,Dining Room,65,77,530,95,,8800,5,3,1448,1449,eString_RugOriental2StdShortDesc,eString_RugOriental2StdLongDesc,Quality Oriental Rug,"A large, quality oriental rug such as this can really help to define the decor of any room.",Furniture/RugOriental2Std.png,0x14e7b4,
desktop_base,1,Dining Room,66,78,531,96,,7600,5,3,1450,1451,eString_RugOriental3StdShortDesc,eString_RugOriental3StdLongDesc,Intricate Oriental Rug,The stitchwork on this large oriental rug is second-to-none.,Furniture/RugOriental3Std.png,0x14e820,
desktop_base,1,Dining Room,67,79,532,97,,4500,5,3,1452,1453,eString_RugOriental4StdShortDesc,eString_RugOriental4StdLongDesc,Modern Oriental Rug,This medium-sized oriental rug has a more modern look.,Furniture/RugOriental4Std.png,0x14e88c,
desktop_base,1,Dining Room,68,171,600,182,,1250,7,3,1564,1565,eString_ModernRug1ShortDesc,eString_ModernRug1LongDesc,Animal Rug,This rug has a trendy Zebra pattern.,Furniture/ModernRug1.png,0x150f5c,
desktop_base,1,Dining Room,69,172,601,183,,2750,7,3,1566,1567,eString_ModernRug2ShortDesc,eString_ModernRug2LongDesc,Modern White Rug,This modern white rug has a subtle design.,Furniture/ModernRug2.png,0x150fc8,
desktop_base,1,Dining Room,70,173,602,184,,3125,7,3,1568,1569,eString_ModernRug3ShortDesc,eString_ModernRug3LongDesc,Modern Dark Rug,A dark rug with a leafy design.,Furniture/ModernRug3.png,0x151034,
desktop_base,1,Dining Room,71,174,603,185,,1610,7,3,1570,1571,eString_ModernRug4ShortDesc,eString_ModernRug4LongDesc,Modern Red Rug,Red Rug! Red Rug!,Furniture/ModernRug4.png,0x1510a0,
desktop_base,1,Dining Room,72,107,537,131,,450,4,5,1462,1463,eString_WallPainting1StdShortDesc,eString_WallPainting1StdLongDesc,Wall Painting,Bring sophistication to any room by hanging a fine art painting.,Furniture/WallPainting1Std.png,0x14f45c,
desktop_base,1,Dining Room,73,108,538,132,,350,4,5,1464,1465,eString_WallPainting2StdShortDesc,eString_WallPainting2StdLongDesc,Wall Painting,Bring sophistication to any room by hanging a fine art painting.,Furniture/WallPainting2Std.png,0x14f4c8,
desktop_base,1,Dining Room,74,109,539,133,,4150,4,5,1466,1467,eString_WallPainting3StdShortDesc,eString_WallPainting3StdLongDesc,Wall Painting,Bring sophistication to any room by hanging a fine art painting.,Furniture/WallPainting3Std.png,0x14f534,
desktop_base,1,Dining Room,75,110,540,134,,13150,4,5,1468,1469,eString_WallPainting4StdShortDesc,eString_WallPainting4StdLongDesc,Wall Painting,Bring sophistication to any room by hanging a fine art painting.,Furniture/WallPainting4Std.png,0x14f5a0,
desktop_base,1,Dining Room,76,128,557,154,,3875,7,5,1470,1471,eString_WallPainting5StdShortDesc,eString_WallPainting5StdLongDesc,Large Modern Painting,"This huge, modern painting will have a big impact.",Furniture/ModernPainting1.png,0x14fd38,
desktop_base,1,Dining Room,77,129,558,155,,2450,7,5,1470,1471,eString_WallPainting5StdShortDesc,eString_WallPainting5StdLongDesc,Large Modern Painting,"This huge, modern painting will have a big impact.",Furniture/ModernPainting2.png,0x14fda4,
desktop_base,1,Dining Room,78,130,559,156,,2975,7,5,1470,1471,eString_WallPainting5StdShortDesc,eString_WallPainting5StdLongDesc,Large Modern Painting,"This huge, modern painting will have a big impact.",Furniture/ModernPainting3.png,0x14fe10,
desktop_base,1,Dining Room,79,131,560,157,,2795,7,5,1470,1471,eString_WallPainting5StdShortDesc,eString_WallPainting5StdLongDesc,Large Modern Painting,"This huge, modern painting will have a big impact.",Furniture/ModernPainting4.png,0x14fe7c,
desktop_base,1,Dining Room,80,132,561,158,,12995,7,5,1472,1473,eString_WallPainting6StdShortDesc,eString_WallPainting6StdLongDesc,Huge Landscape Painting,This huge landscape painting is tranquil and stunning.,Furniture/ModernPainting5.png,0x14fee8,
desktop_base,1,Dining Room,81,105,498,130,,150,0,5,1374,1375,eString_TVOldStyleStdShortDesc,eString_TVOldStyleStdLongDesc,Classic TV,"This is the old style of TV that has been standard issue for couch potatoes everywhere for decades. While functional, they are rapidly being replaced by the newer flat screen type.",Furniture/OldStyleTV.png,0x14f384,
desktop_base,1,Dining Room,82,106,499,129,,5000,3,5,1376,1377,eString_TVFlatScreenStdShortDesc,eString_TVFlatScreenStdLongDesc,Flat Screen TV,"If you're going to be a couch potato, why not do it in style? This modern flat screen unit features a vivid, panoramic picture!",Furniture/TVFlatScreenStd.png,0x14f3f0,
desktop_base,1,Dining Room,83,121,550,146,,165,2,5,1482,1483,eString_HousePlantShortDesc,eString_HousePlantLongDesc,House Plant,These beautiful indoor/outdoor plants bring nature into the room.,Furniture/BroadLeaf.png,0x14fa44,
desktop_base,1,Dining Room,84,127,556,153,,90,2,5,1482,1483,eString_HousePlantShortDesc,eString_HousePlantLongDesc,House Plant,These beautiful indoor/outdoor plants bring nature into the room.,Furniture/Leafy.png,0x14fccc,
desktop_base,1,Dining Room,85,134,563,160,,280,2,5,1482,1483,eString_HousePlantShortDesc,eString_HousePlantLongDesc,House Plant,These beautiful indoor/outdoor plants bring nature into the room.,Furniture/Palm.png,0x14ffc0,
desktop_base,1,Dining Room,86,138,567,164,,75,2,5,1482,1483,eString_HousePlantShortDesc,eString_HousePlantLongDesc,House Plant,These beautiful indoor/outdoor plants bring nature into the room.,Furniture/SmallLeaf.png,0x150170,
desktop_base,1,Dining Room,87,139,568,165,,180,2,5,1482,1483,eString_HousePlantShortDesc,eString_HousePlantLongDesc,House Plant,These beautiful indoor/outdoor plants bring nature into the room.,Furniture/Tiered.png,0x1501dc,
desktop_base,1,Dining Room,88,93,473,115,,150,3,5,1328,1329,eString_TableRoundWornWhiteStdShortDesc,eString_TableRoundWornWhiteStdLongDesc,Second Hand Round Table,"So it has few stains and chips? It's still a perfectly reasonable table, and at a very reasonable price!",Furniture/TableRoundWornWhiteStd.png,0x14ee74,
desktop_base,1,Dining Room,89,96,476,118,,275,3,5,1328,1329,eString_TableRoundWornWhiteStdShortDesc,eString_TableRoundWornWhiteStdLongDesc,Second Hand Round Table,"So it has few stains and chips? It's still a perfectly reasonable table, and at a very reasonable price!",Furniture/TableRoundWornWhiteStools.png,0x14efb8,
desktop_base,1,Dining Room,90,91,471,113,,550,3,5,1324,1325,eString_TableRectangularWhiteStdShortDesc,eString_TableRectangularWhiteStdLongDesc,White Rectangular Table,"You never know when you will need a good, flat surface to work on.",Furniture/TableRectangularWhiteStd.png,0x14ed9c,
desktop_base,1,Dining Room,91,94,474,116,,975,4,5,1324,1325,eString_TableRectangularWhiteStdShortDesc,eString_TableRectangularWhiteStdLongDesc,White Rectangular Table,"You never know when you will need a good, flat surface to work on.",Furniture/TableRectangularWhiteStools.png,0x14eee0,
desktop_base,1,Dining Room,92,92,472,114,,625,3,5,1326,1327,eString_TableRoundWhiteStdShortDesc,eString_TableRoundWhiteStdLongDesc,White Circular Table,"You never know when you will need a good, flat surface to work on.",Furniture/TableRoundWhiteStd.png,0x14ee08,
desktop_base,1,Dining Room,93,95,475,117,,1050,4,5,1326,1327,eString_TableRoundWhiteStdShortDesc,eString_TableRoundWhiteStdLongDesc,White Circular Table,"You never know when you will need a good, flat surface to work on.",Furniture/TableRoundWhiteStools.png,0x14ef4c,
desktop_base,1,Dining Room,94,56,462,78,,950,3,5,1304,1305,eString_KidsTableAndChairsStdShortDesc,eString_KidsTableAndChairsStdLongDesc,Children's Chairs,"This is an activity center for children, which includes a kid-sized table and some small chairs.",Furniture/KidsTableAndChairsStd.png,0x14ded8,
desktop_base,1,Dining Room,95,29,511,51,,4290,5,5,1400,1401,eString_CocktailCradenzaStdShortDesc,eString_CocktailCradenzaStdLongDesc,Cocktail Credenza,A classy way to serve drinks and keep bottles and supplies neat and organized.,Furniture/CocktailCradenzaStd.png,0x14d374,
desktop_base,1,Dining Room,96,39,454,326,,2200,4,5,1288,1289,eString_CradenzaLargeStdShortDesc,eString_CradenzaLargeStdLongDesc,Large Credenza,"It's a large, general purpose credenza.",Furniture/LargeCradenzaStd.png,0x14d7ac,
desktop_base,1,Dining Room,98,177,606,188,,3850,7,5,1576,1577,eString_WhiteCredenzaShortDesc,eString_WhiteCredenzaLongDesc,Modern White Credenza,A stunning modern white credenza.,Furniture/WhiteCredenza.png,0x1511e4,
desktop_base,1,Dining Room,99,160,589,171,,5195,7,5,1542,1543,eString_CredenzaShortDesc,eString_CredenzaLongDesc,Gothic Credenza,A spectacular polished black Gothic credenza.,Furniture/Credenza.png,0x150ab8,
desktop_base,2,Bedroom,0,7,433,23,,850,0,5,1246,1247,eString_RenderedBed1PairShortDesc,eString_RenderedBed1PairLongDesc,Standard Adult Bed,This is a cozy bed that is comfortable for two adults.,Furniture/Rendered BedPair 1.png,0x14ca2c,
desktop_base,2,Bedroom,1,10,438,34,,850,0,5,1256,1257,eString_BedAdultOrangeStdShortDesc,eString_BedAdultOrangeStdLongDesc,Standard Adult Bed,This is a cozy bed that is comfortable for two adults.,Furniture/BedAdultOrangeStd.png,0x14cb70,
desktop_base,2,Bedroom,2,11,439,35,,850,0,5,1258,1259,eString_BedAdultBrownStdShortDesc,eString_BedAdultBrownStdLongDesc,Standard Adult Bed,This is a cozy bed that is comfortable for two adults.,Furniture/BedAdultBrownStd.png,0x14cbdc,
desktop_base,2,Bedroom,3,12,440,36,,850,0,5,1260,1261,eString_BedAdultGreenStdShortDesc,eString_BedAdultGreenStdLongDesc,Standard Adult Bed,This is a cozy bed that is comfortable for two adults.,Furniture/BedAdultGreenStd.png,0x14cc48,
desktop_base,2,Bedroom,4,13,441,37,,850,0,5,1262,1263,eString_BedAdultRedStdShortDesc,eString_BedAdultRedStdLongDesc,Standard Adult Bed,This is a cozy bed that is comfortable for two adults.,Furniture/BedAdultRedStd.png,0x14ccb4,
desktop_base,2,Bedroom,5,14,442,38,,850,0,5,1264,1265,eString_BedAdultRoseStdShortDesc,eString_BedAdultRoseStdLongDesc,Standard Adult Bed,This is a cozy bed that is comfortable for two adults.,Furniture/BedAdultRoseStd.png,0x14cd20,
desktop_base,2,Bedroom,6,15,443,39,,1350,0,5,1266,1267,eString_BedAdultSkyBlueStdShortDesc,eString_BedAdultSkyBlueStdLongDesc,Standard Adult Bed,This is a cozy bed that is comfortable for two adults.,Furniture/BedAdultSkyBlueStd.png,0x14cd8c,
desktop_base,2,Bedroom,7,18,436,119,,550,0,5,1252,1253,eString_BedKidsPinkStdShortDesc,eString_BedKidsPinkStdLongDesc,Pink Children's Bed,A traditional kid's bed in pink.,Furniture/BedKidsPinkStd.png,0x14ced0,
desktop_base,2,Bedroom,8,19,437,120,,550,0,5,1254,1255,eString_BedKidsBlueStdShortDesc,eString_BedKidsBlueStdLongDesc,Blue Children's Bed,A traditional kid's bed in blue.,Furniture/BedKidsBlueStd.png,0x14cf3c,
desktop_base,2,Bedroom,9,16,434,30,,750,4,5,1248,1249,eString_BedBoatStdShortDesc,eString_BedBoatStdLongDesc,Boat Shaped Bed,A fun bed for the kids styled as a boat.,Furniture/BedBoatStd.png,0x14cdf8,
desktop_base,2,Bedroom,10,17,435,33,,950,4,5,1250,1251,eString_BedCarRedStdShortDesc,eString_BedCarRedStdLongDesc,Car Shaped Bed,A fun bed for the little racer in the family.,Furniture/BedCarRedStd.png,0x14ce64,
desktop_base,2,Bedroom,11,165,594,176,,2750,3,5,1552,1553,eString_HeartShapedBedShortDesc,eString_HeartShapedBedLongDesc,Heart Shaped Bed,This heart-shaped bed sets the mood for romance.,Furniture/HeartShapedBed.png,0x150cd4,
desktop_base,2,Bedroom,12,167,596,178,,2650,7,5,1556,1557,eString_Modern_DoubleBedStripedDuvetBlueShortDesc,eString_Modern_DoubleBedStripedDuvetBlueLongDesc,Modern Double Bed in Blue,A modern double bed with an elegant striped blue duvet.,Furniture/Modern_DoubleBedStripedDuvetBlue.png,0x150dac,
desktop_base,2,Bedroom,13,168,597,179,,2650,7,5,1558,1559,eString_Modern_DoubleBedStripedDuvetRedShortDesc,eString_Modern_DoubleBedStripedDuvetRedLongDesc,Modern Double Bed in Red,A modern double bed with an elegant striped red duvet.,Furniture/Modern_DoubleBedStripedDuvetRed.png,0x150e18,
desktop_base,2,Bedroom,14,186,615,197,,2995,7,5,1594,1595,eString_DoubleBedFloweryDuvetBlueShortDesc,eString_DoubleBedFloweryDuvetBlueLongDesc,Modern Double Bed in Blue,A modern double bed with an elegant flowery blue duvet.,Furniture/DoubleBedFloweryDuvetBlue.png,0x1515b0,
desktop_base,2,Bedroom,15,187,616,198,,2995,7,5,1596,1597,eString_DoubleBedFloweryDuvetRedShortDesc,eString_DoubleBedFloweryDuvetRedLongDesc,Modern Double Bed in Red,A modern double bed with an elegant flowery red duvet.,Furniture/DoubleBedFloweryDuvetRed.png,0x15161c,
desktop_base,2,Bedroom,16,190,619,201,,1695,7,5,1602,1603,eString_WhiteSingleBedAirplanesShortDesc,eString_WhiteSingleBedAirplanesLongDesc,"Fancy Single Bed, Airplanes","A very elegant children's bed, themed with aviation.",Furniture/WhiteSingleBedAirplanes.png,0x151760,
desktop_base,2,Bedroom,17,191,620,202,,1695,7,5,1604,1605,eString_WhiteSingleBedPrincessesShortDesc,eString_WhiteSingleBedPrincessesLongDesc,"Fancy Single Bed, Princess","A very elegant children's bed, themed with princesses.",Furniture/WhiteSingleBedPrincesses.png,0x1517cc,
desktop_base,2,Bedroom,18,161,590,172,,3850,7,5,1544,1545,eString_Gothic_DoubleBedStripedDuvetBlueShortDesc,eString_Gothic_DoubleBedStripedDuvetBlueLongDesc,Gothic Double Bed in Blue,A Gothic double bed with a blue striped duvet.,Furniture/Gothic_DoubleBedStripedDuvetBlue.png,0x150b24,
desktop_base,2,Bedroom,19,162,591,173,,3850,7,5,1546,1547,eString_Gothic_DoubleBedStripedDuvetRedShortDesc,eString_Gothic_DoubleBedStripedDuvetRedLongDesc,Gothic Double Bed in Red,A Gothic double bed with a red striped duvet.,Furniture/Gothic_DoubleBedStripedDuvetRed.png,0x150b90,
desktop_base,2,Bedroom,20,183,612,194,,3875,7,5,1588,1589,eString_DoubleBedCheckeredDuvetBlueShortDesc,eString_DoubleBedCheckeredDuvetBlueLongDesc,Gothic Double Bed in Blue,A Gothic double bed with a blue checkered duvet.,Furniture/DoubleBedCheckeredDuvetBlue.png,0x15146c,
desktop_base,2,Bedroom,21,184,613,195,,3875,7,5,1590,1591,eString_DoubleBedCheckeredDuvetGreenShortDesc,eString_DoubleBedCheckeredDuvetGreenLongDesc,Gothic Double Bed in Green,A Gothic double bed with a green checkered duvet.,Furniture/DoubleBedCheckeredDuvetGreen.png,0x1514d8,
desktop_base,2,Bedroom,22,185,614,196,,3875,7,5,1592,1593,eString_DoubleBedCheckeredDuvetRedShortDesc,eString_DoubleBedCheckeredDuvetRedLongDesc,Gothic Double Bed in Red,A Gothic double bed with a red checkered duvet.,Furniture/DoubleBedCheckeredDuvetRed.png,0x151544,
desktop_base,2,Bedroom,23,163,592,174,,2195,7,5,1548,1549,eString_Gothic_SingleBedBlueShortDesc,eString_Gothic_SingleBedBlueLongDesc,Gothic Single Bed in Blue,A Gothic single bed with a blue striped duvet,Furniture/Gothic_SingleBedBlue.png,0x150bfc,
desktop_base,2,Bedroom,24,164,593,175,,2195,7,5,1550,1551,eString_Gothic_SingleBedRedShortDesc,eString_Gothic_SingleBedRedLongDesc,Gothic Single Bed in Red,A Gothic single bed with a red striped duvet,Furniture/Gothic_SingleBedRed.png,0x150c68,
desktop_base,2,Bedroom,25,188,617,199,,2150,7,5,1598,1599,eString_SingleBedCheckeredDuvetBlueShortDesc,eString_SingleBedCheckeredDuvetBlueLongDesc,Gothic Single Bed in Blue,A Gothic single bed with a blue checkered duvet.,Furniture/SingleBedCheckeredDuvetBlue.png,0x151688,
desktop_base,2,Bedroom,26,189,618,200,,2150,7,5,1600,1601,eString_SingleBedCheckeredDuvetRedShortDesc,eString_SingleBedCheckeredDuvetRedLongDesc,Gothic Single Bed in Red,A Gothic single bed with a red checkered duvet.,Furniture/SingleBedCheckeredDuvetRed.png,0x1516f4,
desktop_base,2,Bedroom,27,178,607,189,,495,7,5,1578,1579,eString_WhiteNightstandShortDesc,eString_WhiteNightstandLongDesc,Modern White Nightstand,"A simple, classic modern white nightstand.",Furniture/WhiteNightstand.png,0x151250,
desktop_base,2,Bedroom,28,159,588,170,,995,7,5,1540,1541,eString_BlackNightStandShortDesc,eString_BlackNightStandLongDesc,Gothic Nightstand,"A black, Gothic-style nightstand",Furniture/BlackNightStand.png,0x150a4c,
desktop_base,2,Bedroom,29,44,458,325,,250,0,5,1296,1297,eString_DresserStd1ShortDesc,eString_DresserStd1LongDesc,Standard Dresser,It's a vertical wooden dresser with 6 drawers.,Furniture/DresserStd1.png,0x14d9c8,
desktop_base,2,Bedroom,30,40,455,327,,450,3,5,1290,1291,eString_WideCabinetStdShortDesc,eString_WideCabinetStdLongDesc,Wide Cabinet,It's a wide cabinet for use in a bedroom or anywhere you need a little extra storage.,Furniture/SmallCradenzaStd.png,0x14d818,
desktop_base,2,Bedroom,31,68,525,90,,35,0,5,1428,1429,eString_Poster1StdShortDesc,eString_Poster1StdLongDesc,Landscape Poster,Personalize your space with a cool poster!,Furniture/Poster1Std.png,0x14e3e8,
desktop_base,2,Bedroom,32,69,526,91,,35,0,5,1430,1431,eString_Poster2StdShortDesc,eString_Poster2StdLongDesc,Farm Poster,Personalize your space with a farm poster!,Furniture/Poster2Std.png,0x14e454,
desktop_base,2,Bedroom,33,70,527,92,,55,0,5,1432,1433,eString_Poster3StdShortDesc,eString_Poster3StdLongDesc,Rose Poster,It is a rose.,Furniture/Poster3Std.png,0x14e4c0,
desktop_base,2,Bedroom,34,71,528,93,,75,0,5,1434,1435,eString_Poster4StdShortDesc,eString_Poster4StdLongDesc,Art Poster,Personalize your space with a cool art poster!,Furniture/Poster4Std.png,0x14e52c,
desktop_base,2,Bedroom,35,120,549,145,,55,2,5,1444,1445,eString_Poster4StdShortDesc,eString_Poster4StdLongDesc,Hearts Poster,Personalize your space with a cool poster.,Furniture/BigPosterHearts.png,0x14f9d8,
desktop_base,2,Bedroom,36,227,656,240,,2450,7,5,1676,1677,eString_DoubleBedBlueShortDesc,eString_DoubleBedBlueLongDesc,Blue Double Bed,"A rich, soft, blue double bed.",Furniture/DoubleBedBlue.png,0x1526fc,
desktop_base,2,Bedroom,37,228,657,241,,2175,5,5,1678,1679,eString_DoubleBedGreenShortDesc,eString_DoubleBedGreenLongDesc,Green Double Bed,A forest green double bed.,Furniture/DoubleBedGreen.png,0x152768,
desktop_base,2,Bedroom,38,229,658,242,,1695,3,5,1680,1681,eString_DoubleBedOrangeShortDesc,eString_DoubleBedOrangeLongDesc,Orange Double Bed,An extremely orange double bed.,Furniture/DoubleBedOrange.png,0x1527d4,
desktop_base,2,Bedroom,39,230,659,243,,1995,4,5,1682,1683,eString_DoubleBedPinkShortDesc,eString_DoubleBedPinkLongDesc,Pink Double Bed,A pink double bed.,Furniture/DoubleBedPink.png,0x152840,
desktop_base,2,Bedroom,40,231,660,244,,2725,9,5,1684,1685,eString_DoubleBedRedShortDesc,eString_DoubleBedRedLongDesc,Red Double Bed,A romantic red double bed.,Furniture/DoubleBedRed.png,0x1528ac,
desktop_base,2,Bedroom,41,232,661,245,,1465,7,5,1686,1687,eString_DresserBlueShortDesc,eString_DresserBlueLongDesc,Blue Dresser,"A modern, wide blue dresser.",Furniture/DresserBlue.png,0x152918,
desktop_base,2,Bedroom,42,233,662,246,,1295,5,5,1688,1689,eString_DresserGreenShortDesc,eString_DresserGreenLongDesc,Green Dresser,A wide green dresser.,Furniture/DresserGreen.png,0x152984,
desktop_base,2,Bedroom,43,234,663,247,,995,3,5,1690,1691,eString_DresserOrangeShortDesc,eString_DresserOrangeLongDesc,Orange Dresser,A wide orange dresser.,Furniture/DresserOrange.png,0x1529f0,
desktop_base,2,Bedroom,44,235,664,248,,1175,4,5,1692,1693,eString_DresserPinkShortDesc,eString_DresserPinkLongDesc,Pink Dresser,A wide pink dresser.,Furniture/DresserPink.png,0x152a5c,
desktop_base,2,Bedroom,45,236,665,249,,1625,9,5,1694,1695,eString_DresserRedShortDesc,eString_DresserRedLongDesc,Red Dresser,"A charming, wide red dresser.",Furniture/DresserRed.png,0x152ac8,
desktop_base,2,Bedroom,46,213,642,226,,615,7,5,1648,1649,eString_ColorfulBookshelfBlueShortDesc,eString_ColorfulBookshelfBlueLongDesc,Small Blue Bookshelf,A smaller blue bookshelf.,Furniture/ColorfulBookshelfBlue.png,0x152114,
desktop_base,2,Bedroom,47,214,643,227,,425,3,5,1650,1651,eString_ColorfulBookshelfOrangeShortDesc,eString_ColorfulBookshelfOrangeLongDesc,Small Orange Bookshelf,A smaller orange bookshelf.,Furniture/ColorfulBookshelfOrange.png,0x152180,
desktop_base,2,Bedroom,48,215,644,228,,495,4,5,1652,1653,eString_ColorfulBookshelfPinkShortDesc,eString_ColorfulBookshelfPinkLongDesc,Small Pink Bookshelf,A smaller pink bookshelf.,Furniture/ColorfulBookshelfPink.png,0x1521ec,
desktop_base,2,Bedroom,49,216,645,229,,980,7,5,1654,1655,eString_ColorfulDresserBlueShortDesc,eString_ColorfulDresserBlueLongDesc,Narrow Blue Dresser,"A narrow, deep blue dresser.",Furniture/ColorfulDresserBlue.png,0x152258,
desktop_base,2,Bedroom,50,217,646,230,,675,3,5,1656,1657,eString_ColorfulDresserOrangeShortDesc,eString_ColorfulDresserOrangeLongDesc,Narrow Orange Dresser,"A narrow, bright orange dresser.",Furniture/ColorfulDresserOrange.png,0x1522c4,
desktop_base,2,Bedroom,51,218,647,231,,795,4,5,1658,1659,eString_ColorfulDresserPinkShortDesc,eString_ColorfulDresserPinkLongDesc,Narrow Pink Dresser,"A narrow, fancy pink dresser.",Furniture/ColorfulDresserPink.png,0x152330,
desktop_base,2,Bedroom,52,219,648,232,,750,7,5,1660,1661,eString_ColorfulNightstandBlueShortDesc,eString_ColorfulNightstandBlueLongDesc,Blue Nightstand,A sharp-looking blue nightstand.,Furniture/ColorfulNightstandBlue.png,0x15239c,
desktop_base,2,Bedroom,53,220,649,233,,520,3,5,1662,1663,eString_ColorfulNightstandOrangeShortDesc,eString_ColorfulNightstandOrangeLongDesc,Orange Nightstand,A bright orange nightstand.,Furniture/ColorfulNightstandOrange.png,0x152408,
desktop_base,2,Bedroom,54,221,650,234,,600,4,5,1664,1665,eString_ColorfulNightstandPinkShortDesc,eString_ColorfulNightstandPinkLongDesc,Pink Nightstand,A modern pink nightstand.,Furniture/ColorfulNightstandPink.png,0x152474,
desktop_base,2,Bedroom,55,242,671,255,,550,7,5,1706,1707,eString_NightstandBlueShortDesc,eString_NightstandBlueLongDesc,Large Blue Nightstand,This blue nightstand is big and bright.,Furniture/NightstandBlue.png,0x152d50,
desktop_base,2,Bedroom,56,243,672,256,,485,5,5,1708,1709,eString_NightstandGreenShortDesc,eString_NightstandGreenLongDesc,Large Green Nightstand,"This green nightstand is on the large side, and green.",Furniture/NightstandGreen.png,0x152dbc,
desktop_base,2,Bedroom,57,244,673,257,,375,3,5,1710,1711,eString_NightstandOrangeShortDesc,eString_NightstandOrangeLongDesc,Large Orange Nightstand,It's orange. VERY orange.,Furniture/NightstandOrange.png,0x152e28,
desktop_base,2,Bedroom,58,245,674,258,,445,4,5,1712,1713,eString_NightstandPinkShortDesc,eString_NightstandPinkLongDesc,Large Pink Nightstand,They don't make them any pinker than this.,Furniture/NightstandPink.png,0x152e94,
desktop_base,2,Bedroom,59,246,675,259,,595,9,5,1714,1715,eString_NightstandRedShortDesc,eString_NightstandRedLongDesc,Large Red Nightstand,I hope you like red. Then you will like this piece.,Furniture/NightstandRed.png,0x152f00,
desktop_base,2,Bedroom,60,247,676,260,,1395,7,5,1716,1717,eString_SingleBedBlueShortDesc,eString_SingleBedBlueLongDesc,Blue Single Bed,It would be like sleeping on the sea.,Furniture/SingleBedBlue.png,0x152f6c,
desktop_base,2,Bedroom,61,248,677,261,,1225,5,5,1718,1719,eString_SingleBedGreenShortDesc,eString_SingleBedGreenLongDesc,Green Single Bed,It would be like sleeping in the forest.,Furniture/SingleBedGreen.png,0x152fd8,
desktop_base,2,Bedroom,62,249,678,262,,955,3,5,1720,1721,eString_SingleBedOrangeShortDesc,eString_SingleBedOrangeLongDesc,Orange Single Bed,It would be like sleeping in a glass of orange juice.,Furniture/SingleBedOrange.png,0x153044,
desktop_base,2,Bedroom,63,250,679,263,,1125,4,5,1722,1723,eString_SingleBedPinkShortDesc,eString_SingleBedPinkLongDesc,Pink Single Bed,It would be like sleeping on a very pink bed.,Furniture/SingleBedPink.png,0x1530b0,
desktop_base,2,Bedroom,64,251,680,264,,1545,9,5,1724,1725,eString_SingleBedRedShortDesc,eString_SingleBedRedLongDesc,Single Red Bed,It would be like sleeping on roses.,Furniture/SingleBedRed.png,0x15311c,
desktop_base,2,Bedroom,65,203,632,216,,1595,7,5,1628,1629,eString_BookshelfBlueShortDesc,eString_BookshelfBlueLongDesc,Blue Bookshelf,A large blue bookshelf.,Furniture/BookshelfBlue.png,0x151cdc,
desktop_base,2,Bedroom,66,204,633,217,,1425,5,5,1630,1631,eString_BookshelfGreenShortDesc,eString_BookshelfGreenLongDesc,Green Bookshelf,A large green bookshelf.,Furniture/BookshelfGreen.png,0x151d48,
desktop_base,2,Bedroom,67,205,634,218,,1095,3,5,1632,1633,eString_BookshelfOrangeShortDesc,eString_BookshelfOrangeLongDesc,Orange Bookshelf,A large orange bookshelf.,Furniture/BookshelfOrange.png,0x151db4,
desktop_base,2,Bedroom,68,206,635,219,,1295,4,5,1634,1635,eString_BookshelfPinkShortDesc,eString_BookshelfPinkLongDesc,Pink Bookshelf,A large pink bookshelf.,Furniture/BookshelfPink.png,0x151e20,
desktop_base,2,Bedroom,69,207,636,220,,1775,9,5,1636,1637,eString_BookshelfRedShortDesc,eString_BookshelfRedLongDesc,Red Bookshelf,A large red bookshelf.,Furniture/BookshelfRed.png,0x151e8c,
desktop_base,2,Bedroom,70,237,666,250,,1315,7,3,1696,1697,eString_ModernRugBlueShortDesc,eString_ModernRugBlueLongDesc,Modern Blue Rug,"A striking, ocean blue modern rug.",Furniture/ModernRugBlue.png,0x152b34,
desktop_base,2,Bedroom,71,238,667,251,,1175,5,3,1698,1699,eString_ModernRugGreenShortDesc,eString_ModernRugGreenLongDesc,Modern Green Rug,A deep forest green modern rug.,Furniture/ModernRugGreen.png,0x152ba0,
desktop_base,2,Bedroom,72,239,668,252,,895,3,3,1700,1701,eString_ModernRugOrangeShortDesc,eString_ModernRugOrangeLongDesc,Modern Orange Rug,"A bright, happy, modern orange rug.",Furniture/ModernRugOrange.png,0x152c0c,
desktop_base,2,Bedroom,73,240,669,253,,1050,4,3,1702,1703,eString_ModernRugPinkShortDesc,eString_ModernRugPinkLongDesc,Modern Pink Rug,A modern pink rug.,Furniture/ModernRugPink.png,0x152c78,
desktop_base,3,Outdoors,0,53,481,74,,450,3,5,1338,1339,eString_HammockStdShortDesc,eString_HammockStdLongDesc,Hammock,What could be better for relaxing outside than your own hammock in the garden?,Furniture/HammockStd.png,0x14dd94,
desktop_base,3,Outdoors,1,3,429,26,,650,2,5,1238,1239,eString_BBQPairShortDesc,eString_BBQPairLongDesc,Outdoor Grill,This outdoor grill makes cooking outside easy and more convenient than charcoal.,Furniture/bbq pair.png,0x14c87c,
desktop_base,3,Outdoors,2,8,430,31,,175,0,5,1240,1241,eString_BBQSmallStdShortDesc,eString_BBQSmallStdLongDesc,Basic Charcoal Grill,This is a basic outdoor grill. It's nice to enjoy a meal outside once in a while!,Furniture/BBQSmallStd.png,0x14ca98,
desktop_base,3,Outdoors,3,9,431,32,,4500,5,5,1242,1243,eString_BBQUltimateStdShortDesc,eString_BBQUltimateStdLongDesc,Deluxe Gas Grill,"This is a deluxe, gas-fired outdoor grill with plenty of cooking space!",Furniture/BBQUltimateStd.png,0x14cb04,
desktop_base,3,Outdoors,4,4,432,29,,750,3,5,1244,1245,eString_BBQPairRedShortDesc,eString_BBQPairRedLongDesc,Basic Gas Grill,This is a basic outdoor gas grill. In red!,Furniture/bbq pair red.png,0x14c8e8,
desktop_base,3,Outdoors,5,20,480,43,,75,2,5,1336,1337,eString_BubbleMakerStdShortDesc,eString_BubbleMakerStdLongDesc,Bubble Maker,Kids will love this gizmo. It automatically produces swarms of beautiful soap bubbles!,Furniture/BubbleMakerStd.png,0x14cfa8,
desktop_base,3,Outdoors,6,136,565,162,,695,4,5,1500,1501,eString_SandboxShortDesc,eString_SandboxLongDesc,Sandbox,It's a box full of sand and sand toys.,Furniture/Sandbox.png,0x150098,
desktop_base,3,Outdoors,7,63,482,85,,150,2,5,1340,1341,eString_PirateShipStdShortDesc,eString_PirateShipStdLongDesc,Toy Pirate Ship,Your family's kids can enjoy pretending to have adventures at sea with this miniature pirate ship toy.,Furniture/PirateShipStd.png,0x14e1cc,
desktop_base,3,Outdoors,8,64,483,86,,18000,5,5,1342,1343,eString_PlayStructureStdShortDesc,eString_PlayStructureStdLongDesc,Play Structure,"This deluxe outdoor play structure will keep your kids busy for hours, plus they'll get a healthy dose of exercise!",Furniture/PlayStructureStd.png,0x14e238,
desktop_base,3,Outdoors,9,65,484,87,,250,4,1,1344,1345,eString_PoolChildrensStdShortDesc,eString_PoolChildrensStdLongDesc,Kiddie Pool,"A small, portable wading pool for the kids to splash around in.",Furniture/PoolChildrensStd.png,0x14e2a4,
desktop_base,3,Outdoors,10,66,485,88,,14150,4,1,1346,1347,eString_PoolLargeStdShortDesc,eString_PoolLargeStdLongDesc,Full Size Pool,Cannonball!!! This full size pool is big enough for teens and adults to swim and dive.,Furniture/PoolLargeStd.png,0x14e310,
desktop_base,3,Outdoors,11,141,570,167,,1695,6,5,1506,1507,eString_TrampolineShortDesc,eString_TrampolineLongDesc,Trampoline,The number one producer of injuries in little kids!,Furniture/Trampoline.png,0x1502b4,
desktop_base,4,Accessories,0,111,479,136,,950,3,5,1334,1335,eString_WasherStdShortDesc,eString_WasherStdLongDesc,Automatic Clothes Washer,This is a common household clothes washing machine.,Furniture/WasherStd.png,0x14f60c,
desktop_base,4,Accessories,1,45,459,65,,650,3,5,1298,1299,eString_DryerStdShortDesc,eString_DryerStdLongDesc,Laundry Dryer,This is an ordinary electric clothes dryer.,Furniture/DryerStd.png,0x14da34,
desktop_base,4,Accessories,2,27,444,50,,75,2,6,1268,1269,eString_CleaninSuppliesStdShortDesc,eString_CleaninSuppliesStdLongDesc,Cleaning Supplies,This is a basic kit of common household cleaning supplies.,Furniture/CleaningSuppliesStd.png,0x14d29c,
desktop_base,4,Accessories,3,55,461,75,,250,3,5,1302,1303,eString_IroningBoardStdShortDesc,eString_IroningBoardStdLongDesc,Ironing Set,Just your average household ironing board and iron. This is where to iron clothes.,Furniture/IroningBoardStd.png,0x14de6c,
desktop_base,4,Accessories,4,57,463,66,,80,0,5,1306,1307,eString_DryingRackStdShortDesc,eString_DryingRackStdLongDesc,Drying rack,"This is a drying rack for items of clothing that shouldn't go in the dryer. It can also be used instead of a dryer, if you don't have one.",Furniture/LaundryDryingRackStd.png,0x14df44,
desktop_base,4,Accessories,5,58,464,79,,20,0,5,1308,1309,eString_NightLightChildrensStdShortDesc,eString_NightLightChildrensStdLongDesc,Children's Night Light,"This is a night light for the kids, so they won't get scared at night.",Furniture/NightLightChlidrensStd.png,0x14dfb0,
desktop_base,4,Accessories,6,81,465,103,,30,3,6,1312,1313,eString_SewingKitStdShortDesc,eString_SewingKitStdLongDesc,Sewing Kit,Mend clothing and replace lost buttons with these sewing essentials.,Furniture/SewingKitStd.png,0x14e964,
desktop_base,4,Accessories,7,80,490,102,,130,0,3,1356,1357,eString_ScaleBathroomStdShortDesc,eString_ScaleBathroomStdLongDesc,Bathroom Scale,"This is a basic bathroom scale, useful for tracking and maintaining healthy weight levels.",Furniture/ScaleBathroomStd.png,0x14e8f8,
desktop_base,4,Accessories,8,83,491,105,,45,0,6,1358,1359,eString_SoapBlueStdShortDesc,eString_SoapBlueStdLongDesc,Blue Designer Soap,"Fancy, miniature soap bars with an attractive soap dish. Helps your family stay clean while adding a decorative touch to their bathroom.",Furniture/SoapBlueStd.png,0x14ea3c,
desktop_base,4,Accessories,9,84,492,106,,45,2,6,1360,1361,eString_SoapBrownStdShortDesc,eString_SoapBrownStdLongDesc,Brown Designer Soap,"Fancy, miniature soap bars with an attractive soap dish. Helps your family stay clean while adding a decorative touch to their bathroom.",Furniture/SoapBrownStd.png,0x14eaa8,
desktop_base,4,Accessories,10,85,493,107,,55,2,6,1362,1363,eString_SoapPinkStdShortDesc,eString_SoapPinkStdLongDesc,Pink Designer Soap,"Fancy, miniature soap bars with an attractive soap dish. Helps your family stay clean while adding a decorative touch to their bathroom.",Furniture/SoapPinkStd.png,0x14eb14,
desktop_base,4,Accessories,11,99,494,123,,10,0,6,1366,1367,eString_ToothbrushStdShortDesc,eString_ToothbrushStdLongDesc,Dental Care Set,Includes toothbrushes and toothpaste.,Furniture/ToothbrushStd.png,0x14f0fc,
desktop_base,4,Accessories,12,100,495,124,,250,2,5,1368,1369,eString_TowelRackBathroomBlackStdShortDesc,eString_TowelRackBathroomBlackStdLongDesc,Black Towel Set,"A deluxe set of color-coordinated towels, complete with towel heater.",Furniture/TowelRackBathroomBlackStd.png,0x14f168,
desktop_base,4,Accessories,13,101,496,125,,150,0,5,1370,1371,eString_TowelRackBathroomBlueStdShortDesc,eString_TowelRackBathroomBlueStdLongDesc,Blue Towel Set,"A deluxe set of color-coordinated towels, complete with towel heater.",Furniture/TowelRackBathroomBlueStd.png,0x14f1d4,
desktop_base,4,Accessories,14,102,497,126,,150,2,5,1372,1373,eString_TowelRackBathroomGreenStdShortDesc,eString_TowelRackBathroomGreenStdLongDesc,Green Towel Set,"A deluxe set of color- coordinated towels, complete with towel heater.",Furniture/TowelRackBathroomGreenStd.png,0x14f240,
desktop_base,4,Accessories,15,0,500,24,,850,2,6,1378,1379,eString_AntiqueRadioStdShortDesc,eString_AntiqueRadioStdLongDesc,Antique Radio,This is an antique style radio cabinet that houses a modern radio and MP3 player. Your family will enjoy dancing to all of their favorite music!,Furniture/AntiqueRadioStd.png,0x14c738,
desktop_base,4,Accessories,16,1,501,25,,850,2,6,1380,1381,eString_AquariumStdShortDesc,eString_AquariumStdLongDesc,Fish Aquarium,A nice home for your family's pet fish.,Furniture/AqauriumStd.png,0x14c7a4,
desktop_base,4,Accessories,17,41,512,62,,150,0,6,1402,1403,eString_DeskLampStdShortDesc,eString_DeskLampStdLongDesc,Desk Lamp,A basic lighting solution for the home office.,Furniture/DeskLampStd.png,0x14d884,
desktop_base,4,Accessories,18,47,513,68,,9150,5,5,1404,1405,eString_FirePlaceRusticStdShortDesc,eString_FirePlaceRusticStdLongDesc,Hearth,Add rustic charm to the house with this inviting fireplace.,Furniture/FirePlaceRusticStd.png,0x14db0c,
desktop_base,4,Accessories,19,48,514,69,,150,0,6,1406,1407,eString_FishBowlStdShortDesc,eString_FishBowlStdLongDesc,Fish Bowl,A simple but cozy home for a small number of pet fish.,Furniture/FishBowlStd.png,0x14db78,
desktop_base,4,Accessories,20,49,515,70,,450,2,5,1408,1409,eString_FloorLampChromeStdShortDesc,eString_FloorLampChromeStdLongDesc,Floor Lamp,"All-purpose lighting solution for just about anywhere in the house, from office to easy chair.",Furniture/FloorLampChromeStd.png,0x14dbe4,
desktop_base,4,Accessories,21,50,516,71,,1250,2,5,1410,1411,eString_FoosballTableStdShortDesc,eString_FoosballTableStdLongDesc,Foosball Table,"A classic game of skill for two, Foosball tables have been popular for years in pubs and dens worldwide.",Furniture/FoosballTableStd.png,0x14dc50,
desktop_base,4,Accessories,22,51,517,72,,8500,5,5,1412,1413,eString_GrandfatherClockStdShortDesc,eString_GrandfatherClockStdLongDesc,Grandfather Clock,"A classic interior design accent as well as functional timepiece. This will add a dignified, stately feel to any room.",Furniture/GrandfatherClockStd.png,0x14dcbc,
desktop_base,4,Accessories,23,52,518,73,,1700,0,5,1414,1415,eString_GuitarAcousticStdShortDesc,eString_GuitarAcousticStdLongDesc,Acoustic Guitar,"Playing music is a soothing and enjoyable pastime. This humble acoustic guitar is by no means the most expensive available, but it has a warm, mellow tone.",Furniture/GuitarAcousticStd.png,0x14dd28,
desktop_base,4,Accessories,24,54,519,76,,350,2,6,1416,1417,eString_IpodSpeakersStdShortDesc,eString_IpodSpeakersStdLongDesc,MP3 Player and Speakers,Your family can share their favorite music with each other by playing their MP3's on this compact speaker set.,Furniture/IpodSpeakersStd.png,0x14de00,
desktop_base,4,Accessories,25,59,520,80,,2200,3,5,1418,1419,eString_PachinkoStdShortDesc,eString_PachinkoStdLongDesc,Pachinko Machine,Classic pinball...Japanese style!,Furniture/PachinkoStd.png,0x14e01c,
desktop_base,4,Accessories,26,60,521,81,,19590,5,5,1420,1421,eString_PianoGrandStdShortDesc,eString_PianoGrandStdLongDesc,Grand Piano,Musically inclined families will delight in the big sound of this high quality baby grand!,Furniture/PianoGrandBlkStd.png,0x14e088,
desktop_base,4,Accessories,27,61,522,82,,11100,3,5,1422,1423,eString_PianoUprightStdShortDesc,eString_PianoUprightStdLongDesc,Upright Piano,Just getting started? Is space at a premium? This upright piano is compact and affordable.,Furniture/PianoUprightStd.png,0x14e0f4,
desktop_base,4,Accessories,28,62,523,84,,3550,4,5,1424,1425,eString_PinballStdShortDesc,eString_PinballStdLongDesc,Pinball Machine,Pinball! Right in your own home!,Furniture/PinballStd.png,0x14e160,
desktop_base,4,Accessories,29,67,524,89,,12000,5,5,1426,1427,eString_PoolTableStdShortDesc,eString_PoolTableStdLongDesc,Pool Table,Pool tables are a great way to for a family to play together.,Furniture/PoolTableStd.png,0x14e37c,
desktop_base,4,Accessories,30,82,533,104,,2250,3,5,1454,1455,eString_SlotMachineBlkStdShortDesc,eString_SlotMachineBlkStdLongDesc,Slot Machine,"Try your luck at the slots! Of course, when you have your own machine, you can always get your quarters back!",Furniture/SlotMachineBlkStd.png,0x14e9d0,
desktop_base,4,Accessories,31,98,534,122,,950,3,5,1456,1457,eString_TelescopeStdShortDesc,eString_TelescopeStdLongDesc,Telescope,Introduce your family to the wonders of the cosmos with this quality 3 inch refractor telescope!,Furniture/TelescopeStd.png,0x14f090,
desktop_base,4,Accessories,32,104,535,128,,3150,4,5,1458,1459,eString_TreadmillStdShortDesc,eString_TreadmillStdLongDesc,Treadmill,Fighting the battle of the bulge? Try working out on a treadmill. You can even set it up near the TV!,Furniture/TreadmillStd.png,0x14f318,
desktop_base,4,Accessories,33,28,536,135,,250,2,5,1460,1461,eString_ClockRoundChromeStdShortDesc,eString_ClockRoundChromeStdLongDesc,Wall Clock,A simple electric clock. Mounts onto the wall like a painting.,Furniture/WallClockRoundChromeStd.png,0x14d308,
desktop_base,4,Accessories,34,112,541,137,,150,0,5,1474,1475,eString_WelcomeMat1StdShortDesc,eString_WelcomeMat1StdLongDesc,Door Mat,Keep your floors cleaner and make your house more inviting with a door mat.,Furniture/WelcomeMat1Std.png,0x14f678,
desktop_base,4,Accessories,35,113,542,138,,250,0,5,1476,1477,eString_WelcomeMat2StdShortDesc,eString_WelcomeMat2StdLongDesc,Welcome Mat,Keep your floors cleaner and make your house more inviting with a door mat.,Furniture/WelcomeMat2Std.png,0x14f6e4,
desktop_base,4,Accessories,36,114,543,139,,175,5,5,1478,1479,eString_WoodpileSmallStdShortDesc,eString_WoodpileSmallStdLongDesc,Wood Pile,Fuel for your fireplace.,Furniture/WoodpileSmallStd.png,0x14f750,
desktop_base,4,Accessories,37,115,544,140,,150,2,5,1480,1481,eString_YogaGearStdShortDesc,eString_YogaGearStdLongDesc,Yoga Equipment,Develop a strong core and good health by practicing yoga.,Furniture/YogaGearStd.png,0x14f7bc,
desktop_base,4,Accessories,38,21,505,44,,450,5,5,1388,1389,eString_CarouselStdShortDesc,eString_CarouselStdLongDesc,Carousel,"A delightful, old-style merry-go-round for the kids!",Furniture/CarouselStd.png,0x14d014,
desktop_base,4,Accessories,39,121,550,146,,165,2,5,1482,1483,eString_HousePlantShortDesc,eString_HousePlantLongDesc,House Plant,These beautiful indoor/outdoor plants bring nature into the room.,Furniture/BroadLeaf.png,0x14fa44,
desktop_base,4,Accessories,40,127,556,153,,90,2,5,1482,1483,eString_HousePlantShortDesc,eString_HousePlantLongDesc,House Plant,These beautiful indoor/outdoor plants bring nature into the room.,Furniture/Leafy.png,0x14fccc,
desktop_base,4,Accessories,41,134,563,160,,280,2,5,1482,1483,eString_HousePlantShortDesc,eString_HousePlantLongDesc,House Plant,These beautiful indoor/outdoor plants bring nature into the room.,Furniture/Palm.png,0x14ffc0,
desktop_base,4,Accessories,42,138,567,164,,75,2,5,1482,1483,eString_HousePlantShortDesc,eString_HousePlantLongDesc,House Plant,These beautiful indoor/outdoor plants bring nature into the room.,Furniture/SmallLeaf.png,0x150170,
desktop_base,4,Accessories,43,139,568,165,,180,2,5,1482,1483,eString_HousePlantShortDesc,eString_HousePlantLongDesc,House Plant,These beautiful indoor/outdoor plants bring nature into the room.,Furniture/Tiered.png,0x1501dc,
desktop_base,4,Accessories,44,169,598,180,,425,7,5,1560,1561,eString_ModernMirrorBlackShortDesc,eString_ModernMirrorBlackLongDesc,Black Framed Modern Mirror,A modern mirror with an elegant black finish.,Furniture/ModernMirrorBlack.png,0x150e84,
desktop_base,4,Accessories,45,170,599,181,,425,7,5,1562,1563,eString_ModernMirrorSilverShortDesc,eString_ModernMirrorSilverLongDesc,Silver Framed Modern Mirror,A slick mirror with a brushed-aluminum finish.,Furniture/ModernMirrorSilver.png,0x150ef0,
desktop_base,4,Accessories,46,192,621,203,,35,0,5,1606,1607,eString_PetBowlsShortDesc,eString_PetBowlsLongDesc,Food and Water Bowls,Pet Bowls. Just tap them to fill them.,Furniture/PetBowls.png,0x151838,
desktop_base,4,Accessories,48,42,456,63,,25,0,6,1292,1293,eString_DollHippoPurpleStdShortDesc,eString_DollHippoPurpleStdLongDesc,Hippo Doll,It's a purple hippo plush toy.,Furniture/DollHippoPurpleStd.png,0x14d8f0,
desktop_base,4,Accessories,49,43,457,64,,30,0,6,1294,1295,eString_DollPinkStdShortDesc,eString_DollPinkStdLongDesc,Pink Doll,It's a perfect doll for a child's play time.,Furniture/DollPinkStd.png,0x14d95c,
desktop_base,4,Accessories,50,97,477,121,,65,0,6,1330,1331,eString_TeddyBearStdShortDesc,eString_TeddyBearStdLongDesc,Teddy Bear,"A warm, fuzzy, plush bear for the kids!",Furniture/TeddyBearStd.png,0x14f024,
desktop_base,4,Accessories,51,123,552,149,,55,2,6,1484,1485,eString_Plush1ToyShortDesc,eString_Plush1ToyLongDesc,Plush Giraffe,A friendly plush giraffe.,Furniture/GiraffePlushToy.png,0x14fb1c,
desktop_base,4,Accessories,52,156,585,148,,55,0,5,1486,1487,eString_Plush2ToyShortDesc,eString_Plush2ToyLongDesc,Plush Elephant,A charming plush elephant.,Furniture/ElephantPlushToy.png,0x150908,
desktop_base,4,Accessories,53,124,553,150,,55,2,6,1488,1489,eString_Plush3ToyShortDesc,eString_Plush3ToyLongDesc,Plush Horse,A cute plush horse.,Furniture/HorsePlushToy.png,0x14fb88,
desktop_base,4,Accessories,54,133,562,159,,55,2,6,1490,1491,eString_Plush4ToyShortDesc,eString_Plush4ToyLongDesc,Plush Monkey,A mischievous plush monkey.,Furniture/MonkeyPlushToy.png,0x14ff54,
desktop_base,4,Accessories,55,135,564,161,,55,2,6,1492,1493,eString_Plush5ToyShortDesc,eString_Plush5ToyLongDesc,Plush Pig,A plump plush pig.,Furniture/PigPlushToy.png,0x15002c,
desktop_base,4,Accessories,56,125,554,151,,450,4,5,1494,1495,eString_PlushBigToyShortDesc,eString_PlushBigToyLongDesc,Giant Plush Bear,This is the most hugable of all the plush toys.,Furniture/HugePlushBear.png,0x14fbf4,
desktop_base,4,Accessories,57,103,478,127,,220,3,5,1332,1333,eString_ToysChildrensStdShortDesc,eString_ToysChildrensStdLongDesc,Toy Assortment.,Got kids? Engage their imaginations with these quality toys!,Furniture/ToysChidrensStd.png,0x14f2ac,
desktop_base,4,Accessories,58,2,502,27,,150,0,5,1382,1383,eString_BalloonsStdShortDesc,eString_BalloonsStdLongDesc,Balloons!,It's just not a party without balloons!,Furniture/BallonsStd.png,0x14c810,
desktop_base,4,Accessories,59,20,480,43,,75,2,5,1336,1337,eString_BubbleMakerStdShortDesc,eString_BubbleMakerStdLongDesc,Bubble Maker,Kids will love this gizmo. It automatically produces swarms of beautiful soap bubbles!,Furniture/BubbleMakerStd.png,0x14cfa8,
desktop_base,4,Accessories,60,46,460,67,,75,2,5,1300,1301,eString_EaselChildrensStdShortDesc,eString_EaselChildrensStdLongDesc,Artist's Easel,This is an easel used to hold paper or canvas in place while the aspiring artist does their work.,Furniture/EaselChildrensStd.png,0x14daa0,
desktop_base,4,Accessories,61,122,551,147,,35,2,6,1496,1497,eString_ToyDrumShortDesc,eString_ToyDrumLongDesc,Toy Drum,A noisy snare drum!,Furniture/DrumForKids.png,0x14fab0,
desktop_base,4,Accessories,62,63,482,85,,150,2,5,1340,1341,eString_PirateShipStdShortDesc,eString_PirateShipStdLongDesc,Toy Pirate Ship,Your family's kids can enjoy pretending to have adventures at sea with this miniature pirate ship toy.,Furniture/PirateShipStd.png,0x14e1cc,
desktop_base,4,Accessories,63,126,555,152,,475,5,5,1498,1499,eString_PlayCarShortDesc,eString_PlayCarLongDesc,Play Car,It is a toy car to sit in! Vrooom!,Furniture/LargePlasticPlayCar.png,0x14fc60,
desktop_base,4,Accessories,64,137,566,163,,750,5,5,1502,1503,eString_PlayKitchenShortDesc,eString_PlayKitchenLongDesc,Play Kitchen,Little ones will love playing chef here.,Furniture/SmallKitchenForKids.png,0x150104,
desktop_base,4,Accessories,65,140,569,166,,950,7,5,1504,1505,eString_ToyTrainTableShortDesc,eString_ToyTrainTableLongDesc,Toy Train Table,This toy train table will provide hours of peace in the house.,Furniture/TrainTableForKids.png,0x150248,
desktop_base,4,Accessories,66,65,484,87,,250,4,1,1344,1345,eString_PoolChildrensStdShortDesc,eString_PoolChildrensStdLongDesc,Kiddie Pool,"A small, portable wading pool for the kids to splash around in.",Furniture/PoolChildrensStd.png,0x14e2a4,
desktop_base,4,Accessories,67,64,483,86,,18000,5,5,1342,1343,eString_PlayStructureStdShortDesc,eString_PlayStructureStdLongDesc,Play Structure,"This deluxe outdoor play structure will keep your kids busy for hours, plus they'll get a healthy dose of exercise!",Furniture/PlayStructureStd.png,0x14e238,
desktop_base,4,Accessories,69,22,506,45,,250,2,5,1390,1391,eString_ChairBeanbagBlueStdShortDesc,eString_ChairBeanbagBlueStdLongDesc,Blue Beanbag Chair,"Beanbag chairs? They're back! Comfy, portable, and just a little silly!",Furniture/ChairBeanbagBlueStd.png,0x14d080,
desktop_base,5,Pets,0,192,621,203,,35,0,5,1606,1607,eString_PetBowlsShortDesc,eString_PetBowlsLongDesc,Food and Water Bowls,Pet Bowls. Just tap them to fill them.,Furniture/PetBowls.png,0x151838,
desktop_base,5,Pets,1,142,571,7,,350,0,5,1508,1509,eString_KittenShortDesc,eString_KittenLongDesc,Kitten,A tiny little kitten!,pet_grid.png,0x150320,
desktop_base,5,Pets,2,143,572,7,,850,3,5,1510,1511,eString_Snow_WhiteShortDesc,eString_Snow_WhiteLongDesc,Snow White,"A snowy, white kitty.",pet_grid.png,0x15038c,
desktop_base,5,Pets,3,144,573,7,,550,2,5,1512,1513,eString_TabbyShortDesc,eString_TabbyLongDesc,Tabby,A friendly Tabby.,pet_grid.png,0x1503f8,
desktop_base,5,Pets,4,145,574,7,,11000,5,5,1514,1515,eString_HairlessShortDesc,eString_HairlessLongDesc,Hairless Cat,"An exotic, Hairless breed!",pet_grid.png,0x150464,
desktop_base,5,Pets,5,146,575,7,,3500,4,5,1516,1517,eString_Fluffy_GreyShortDesc,eString_Fluffy_GreyLongDesc,Fluffy Grey Cat,What a cute grey Kitty!,pet_grid.png,0x1504d0,
desktop_base,5,Pets,6,147,576,7,,800,3,5,1518,1519,eString_BeagleShortDesc,eString_BeagleLongDesc,Beagle,A friendly Beagle,pet_grid.png,0x15053c,
desktop_base,5,Pets,7,148,577,7,,750,2,5,1520,1521,eString_Yellow_LabShortDesc,eString_Yellow_LabLongDesc,Yellow Lab,Who doesn't want a nice Yellow Labrador?,pet_grid.png,0x1505a8,
desktop_base,5,Pets,8,149,578,7,,750,2,5,1522,1523,eString_Black_LabShortDesc,eString_Black_LabLongDesc,Black Lab,A cute Black Labrador,pet_grid.png,0x150614,
desktop_base,5,Pets,9,150,579,7,,375,0,5,1524,1525,eString_Longhair_PuppyShortDesc,eString_Longhair_PuppyLongDesc,Longhair Puppy,The cutest Longhair puppy you've ever seen...,pet_grid.png,0x150680,
desktop_base,5,Pets,10,151,580,7,,3250,5,5,1526,1527,eString_ChihuahuaShortDesc,eString_ChihuahuaLongDesc,A Chihuahua,A tiny little Chihuahua!,pet_grid.png,0x1506ec,
desktop_base,5,Pets,11,153,582,7,,4650,6,5,1530,1531,eString_LizardShortDesc,eString_LizardLongDesc,Lizard,A large iguana!,pet_grid.png,0x1507c4,
desktop_base,5,Pets,12,155,584,7,,15000,7,5,1534,1535,eString_TarantulaShortDesc,eString_TarantulaLongDesc,Tarantula,It is a nice...giant...furry...Tarantula!,pet_grid.png,0x15089c,
desktop_base,6,Toys,0,42,456,63,,25,0,6,1292,1293,eString_DollHippoPurpleStdShortDesc,eString_DollHippoPurpleStdLongDesc,Hippo Doll,It's a purple hippo plush toy.,Furniture/DollHippoPurpleStd.png,0x14d8f0,
desktop_base,6,Toys,1,43,457,64,,30,0,6,1294,1295,eString_DollPinkStdShortDesc,eString_DollPinkStdLongDesc,Pink Doll,It's a perfect doll for a child's play time.,Furniture/DollPinkStd.png,0x14d95c,
desktop_base,6,Toys,2,97,477,121,,65,0,6,1330,1331,eString_TeddyBearStdShortDesc,eString_TeddyBearStdLongDesc,Teddy Bear,"A warm, fuzzy, plush bear for the kids!",Furniture/TeddyBearStd.png,0x14f024,
desktop_base,6,Toys,3,123,552,149,,55,2,6,1484,1485,eString_Plush1ToyShortDesc,eString_Plush1ToyLongDesc,Plush Giraffe,A friendly plush giraffe.,Furniture/GiraffePlushToy.png,0x14fb1c,
desktop_base,6,Toys,4,156,585,148,,55,0,5,1486,1487,eString_Plush2ToyShortDesc,eString_Plush2ToyLongDesc,Plush Elephant,A charming plush elephant.,Furniture/ElephantPlushToy.png,0x150908,
desktop_base,6,Toys,5,124,553,150,,55,2,6,1488,1489,eString_Plush3ToyShortDesc,eString_Plush3ToyLongDesc,Plush Horse,A cute plush horse.,Furniture/HorsePlushToy.png,0x14fb88,
desktop_base,6,Toys,6,133,562,159,,55,2,6,1490,1491,eString_Plush4ToyShortDesc,eString_Plush4ToyLongDesc,Plush Monkey,A mischievous plush monkey.,Furniture/MonkeyPlushToy.png,0x14ff54,
desktop_base,6,Toys,7,135,564,161,,55,2,6,1492,1493,eString_Plush5ToyShortDesc,eString_Plush5ToyLongDesc,Plush Pig,A plump plush pig.,Furniture/PigPlushToy.png,0x15002c,
desktop_base,6,Toys,8,125,554,151,,450,4,5,1494,1495,eString_PlushBigToyShortDesc,eString_PlushBigToyLongDesc,Giant Plush Bear,This is the most hugable of all the plush toys.,Furniture/HugePlushBear.png,0x14fbf4,
desktop_base,6,Toys,9,103,478,127,,220,3,5,1332,1333,eString_ToysChildrensStdShortDesc,eString_ToysChildrensStdLongDesc,Toy Assortment.,Got kids? Engage their imaginations with these quality toys!,Furniture/ToysChidrensStd.png,0x14f2ac,
desktop_base,6,Toys,10,2,502,27,,150,0,5,1382,1383,eString_BalloonsStdShortDesc,eString_BalloonsStdLongDesc,Balloons!,It's just not a party without balloons!,Furniture/BallonsStd.png,0x14c810,
desktop_base,6,Toys,11,20,480,43,,75,2,5,1336,1337,eString_BubbleMakerStdShortDesc,eString_BubbleMakerStdLongDesc,Bubble Maker,Kids will love this gizmo. It automatically produces swarms of beautiful soap bubbles!,Furniture/BubbleMakerStd.png,0x14cfa8,
desktop_base,6,Toys,12,46,460,67,,75,2,5,1300,1301,eString_EaselChildrensStdShortDesc,eString_EaselChildrensStdLongDesc,Artist's Easel,This is an easel used to hold paper or canvas in place while the aspiring artist does their work.,Furniture/EaselChildrensStd.png,0x14daa0,
desktop_base,6,Toys,13,122,551,147,,35,2,6,1496,1497,eString_ToyDrumShortDesc,eString_ToyDrumLongDesc,Toy Drum,A noisy snare drum!,Furniture/DrumForKids.png,0x14fab0,
desktop_base,6,Toys,14,63,482,85,,150,2,5,1340,1341,eString_PirateShipStdShortDesc,eString_PirateShipStdLongDesc,Toy Pirate Ship,Your family's kids can enjoy pretending to have adventures at sea with this miniature pirate ship toy.,Furniture/PirateShipStd.png,0x14e1cc,
desktop_base,6,Toys,15,126,555,152,,475,5,5,1498,1499,eString_PlayCarShortDesc,eString_PlayCarLongDesc,Play Car,It is a toy car to sit in! Vrooom!,Furniture/LargePlasticPlayCar.png,0x14fc60,
desktop_base,6,Toys,16,137,566,163,,750,5,5,1502,1503,eString_PlayKitchenShortDesc,eString_PlayKitchenLongDesc,Play Kitchen,Little ones will love playing chef here.,Furniture/SmallKitchenForKids.png,0x150104,
desktop_base,6,Toys,17,140,569,166,,950,7,5,1504,1505,eString_ToyTrainTableShortDesc,eString_ToyTrainTableLongDesc,Toy Train Table,This toy train table will provide hours of peace in the house.,Furniture/TrainTableForKids.png,0x150248,
desktop_base,6,Toys,18,65,484,87,,250,4,1,1344,1345,eString_PoolChildrensStdShortDesc,eString_PoolChildrensStdLongDesc,Kiddie Pool,"A small, portable wading pool for the kids to splash around in.",Furniture/PoolChildrensStd.png,0x14e2a4,
desktop_base,6,Toys,19,64,483,86,,18000,5,5,1342,1343,eString_PlayStructureStdShortDesc,eString_PlayStructureStdLongDesc,Play Structure,"This deluxe outdoor play structure will keep your kids busy for hours, plus they'll get a healthy dose of exercise!",Furniture/PlayStructureStd.png,0x14e238,
desktop_base,6,Toys,20,21,505,44,,450,5,5,1388,1389,eString_CarouselStdShortDesc,eString_CarouselStdLongDesc,Carousel,"A delightful, old-style merry-go-round for the kids!",Furniture/CarouselStd.png,0x14d014,
desktop_base,6,Toys,21,22,506,45,,250,2,5,1390,1391,eString_ChairBeanbagBlueStdShortDesc,eString_ChairBeanbagBlueStdLongDesc,Blue Beanbag Chair,"Beanbag chairs? They're back! Comfy, portable, and just a little silly!",Furniture/ChairBeanbagBlueStd.png,0x14d080,
mobile_vf2_android,6,Accessory/Small Decor,0,,,266,0x2aa,30,0,6,0x674,0x675,eString_CandleOnHolderShortDesc,eString_CandleOnHolderLongDesc,Holiday Candles,Festive holiday candles nestled into fragrant evergreen candle holders!,Furniture/CandleOnHolder.png,0x319ed0,mobile raw field_40 used as section_number
mobile_vf2_android,6,Accessory/Small Decor,1,,,267,0x2ab,5,0,6,0x676,0x677,eString_CandyCaneShortDesc,eString_CandyCaneLongDesc,Candy Canes,Traditional candy canes for trimming the tree or holiday snacking!,Furniture/CandyCane.png,0x319f40,mobile raw field_40 used as section_number
mobile_vf2_android,6,Accessory/Small Decor,2,,,268,0x2ac,5,0,6,0x678,0x679,eString_ChristmasCookieShortDesc,eString_ChristmasCookieLongDesc,Christmas Cookie,A tasty decorated gingerbread cookie! Perfect for the holidays!,Furniture/ChristmasCookie.png,0x319fb0,mobile raw field_40 used as section_number
mobile_vf2_android,5,Furniture/Placeable,3,,,269,0x2ad,250,0,5,0x67a,0x67b,eString_ChristmasTree1ShortDesc,eString_ChristmasTree1LongDesc,Christmas Tree,A lovely traditional Christmas tree trimmed with beautiful red bows!,Furniture/ChristmasTree1.png,0x31a020,mobile raw field_40 used as section_number
mobile_vf2_android,5,Furniture/Placeable,4,,,270,0x2ae,350,2,5,0x67c,0x67d,eString_ChristmasTree2ShortDesc,eString_ChristmasTree2LongDesc,Lighted Christmas Tree,A traditional Christmas tree with strings of colored lights.,Furniture/ChristmasTree2.png,0x31a090,mobile raw field_40 used as section_number
mobile_vf2_android,6,Accessory/Small Decor,5,,,271,0x2af,15,0,6,0x67e,0x67f,eString_DreidelShortDesc,eString_DreidelLongDesc,Dreidel,A traditional dreidel for Hanukkah!,Furniture/Dreidel.png,0x31a100,mobile raw field_40 used as section_number
mobile_vf2_android,6,Accessory/Small Decor,6,,,272,0x2b0,5,0,6,0x680,0x681,eString_GlassOfEggnogShortDesc,eString_GlassOfEggnogLongDesc,Glass of Eggnog,Yummy! Eggnog!,Furniture/GlassOfEggnog.png,0x31a170,mobile raw field_40 used as section_number
mobile_vf2_android,6,Accessory/Small Decor,7,,,273,0x2b1,50,0,6,0x682,0x683,eString_Gnome1ShortDesc,eString_Gnome1LongDesc,Nacklebell,A delightful gnome with a red bejeweled hat.,Furniture/Gnome1.png,0x31a1e0,mobile raw field_40 used as section_number
mobile_vf2_android,6,Accessory/Small Decor,8,,,274,0x2b2,50,0,6,0x684,0x685,eString_Gnome2ShortDesc,eString_Gnome2LongDesc,Pilwinkle,A green-hatted gnome laden with candy canes! The big one is for you!,Furniture/Gnome2.png,0x31a250,mobile raw field_40 used as section_number
mobile_vf2_android,6,Accessory/Small Decor,9,,,275,0x2b3,50,0,6,0x686,0x687,eString_Gnome3ShortDesc,eString_Gnome3LongDesc,Lumwinkle,A shy gnome who just loves his tree!,Furniture/Gnome3.png,0x31a2c0,mobile raw field_40 used as section_number
mobile_vf2_android,6,Accessory/Small Decor,10,,,276,0x2b4,50,0,6,0x688,0x689,eString_Gnome4ShortDesc,eString_Gnome4LongDesc,Bimpni,Pilwinkle's sister. She loves green and red!,Furniture/Gnome4.png,0x31a330,mobile raw field_40 used as section_number
mobile_vf2_android,6,Accessory/Small Decor,11,,,277,0x2b5,50,0,6,0x68a,0x68b,eString_Gnome5ShortDesc,eString_Gnome5LongDesc,Minnimalkin,"Nacklebell's wife, who shares his fondness for red hats!",Furniture/Gnome5.png,0x31a3a0,mobile raw field_40 used as section_number
mobile_vf2_android,6,Accessory/Small Decor,12,,,278,0x2b6,25,0,6,0x68c,0x68d,eString_LargeAngelShortDesc,eString_LargeAngelLongDesc,Large Angel,The perfect angel to place atop the perfect tree!,Furniture/LargeAngel.png,0x31a410,mobile raw field_40 used as section_number
mobile_vf2_android,6,Accessory/Small Decor,13,,,279,0x2b7,15,0,6,0x68e,0x68f,eString_LargeStarShortDesc,eString_LargeStarLongDesc,Large Star,A traditional star for the top of your tree.,Furniture/LargeStar.png,0x31a480,mobile raw field_40 used as section_number
mobile_vf2_android,6,Accessory/Small Decor,14,,,280,0x2b8,25,0,6,0x690,0x691,eString_MenorahShortDesc,eString_MenorahLongDesc,Menorah,A beautiful traditional menorah.,Furniture/Menorah.png,0x31a4f0,mobile raw field_40 used as section_number
mobile_vf2_android,6,Accessory/Small Decor,15,,,281,0x2b9,5,0,6,0x692,0x693,eString_Ornament1ShortDesc,eString_Ornament1LongDesc,Red Ornament,A bright red ornament!,Furniture/Ornament1.png,0x31a560,mobile raw field_40 used as section_number
mobile_vf2_android,6,Accessory/Small Decor,16,,,282,0x2ba,5,0,6,0x694,0x695,eString_Ornament2ShortDesc,eString_Ornament2LongDesc,Striped Ornament,An ornament with a candy cane coating!,Furniture/Ornament2.png,0x31a5d0,mobile raw field_40 used as section_number
mobile_vf2_android,6,Accessory/Small Decor,17,,,283,0x2bb,6,2,6,0x696,0x697,eString_Ornament3ShortDesc,eString_Ornament3LongDesc,Gold Ornament,A golden ornament in the shape of a bell.,Furniture/Ornament3.png,0x31a640,mobile raw field_40 used as section_number
mobile_vf2_android,6,Accessory/Small Decor,18,,,284,0x2bc,6,2,6,0x698,0x699,eString_Ornament4ShortDesc,eString_Ornament4LongDesc,Elegant Ornament,An ornament with a gold and green design.,Furniture/Ornament4.png,0x31a6b0,mobile raw field_40 used as section_number
mobile_vf2_android,6,Accessory/Small Decor,19,,,285,0x2bd,50,2,6,0x69a,0x69b,eString_PenguinDecorationShortDesc,eString_PenguinDecorationLongDesc,Penguin Decoration,An adorable penguin with rosy cheeks!,Furniture/PenguinDecoration.png,0x31a720,mobile raw field_40 used as section_number
mobile_vf2_android,6,Accessory/Small Decor,20,,,286,0x2be,10,0,6,0x69c,0x69d,eString_PlateOfCookiesShortDesc,eString_PlateOfCookiesLongDesc,A Plate of Cookies,"A plate of cookies to leave for Santa, complete with milk!",Furniture/PlateOfCookies.png,0x31a790,mobile raw field_40 used as section_number
mobile_vf2_android,6,Accessory/Small Decor,21,,,287,0x2bf,20,0,6,0x69e,0x69f,eString_PoinsettiaShortDesc,eString_PoinsettiaLongDesc,Poinsettia,A beautiful poinsettia!,Furniture/Poinsettia.png,0x31a800,mobile raw field_40 used as section_number
mobile_vf2_android,6,Accessory/Small Decor,22,,,288,0x2c0,75,2,6,0x6a0,0x6a1,eString_PolarBearDecorationShortDesc,eString_PolarBearDecorationLongDesc,Polar Bear Decoration,A cute polar bear decoration!,Furniture/PolarBearDecoration.png,0x31a870,mobile raw field_40 used as section_number
mobile_vf2_android,6,Accessory/Small Decor,23,,,289,0x2c1,10,0,6,0x6a2,0x6a3,eString_RedBowShortDesc,eString_RedBowLongDesc,Red Bow,"A beautiful red bow, perfect for hanging on a door or wall!",Furniture/RedBow.png,0x31a8e0,mobile raw field_40 used as section_number
mobile_vf2_android,6,Accessory/Small Decor,24,,,290,0x2c2,75,2,6,0x6a4,0x6a5,eString_ReindeerDecorationShortDesc,eString_ReindeerDecorationLongDesc,Reindeer Decoration,Look! It's Rudolph!,Furniture/ReindeerDecoration.png,0x31a950,mobile raw field_40 used as section_number
mobile_vf2_android,6,Accessory/Small Decor,25,,,291,0x2c3,75,2,6,0x6a6,0x6a7,eString_SantaGardenDecorationShortDesc,eString_SantaGardenDecorationLongDesc,Santa Decoration,"A traditional Santa figurine, ready to deliver his gifts.",Furniture/SantaGardenDecoration.png,0x31a9c0,mobile raw field_40 used as section_number
mobile_vf2_android,6,Accessory/Small Decor,26,,,292,0x2c4,35,0,6,0x6a8,0x6a9,eString_SantaWallDecorationShortDesc,eString_SantaWallDecorationLongDesc,Santa Wall Decoration,A Santa to brighten up your wall or door!,Furniture/SantaWallDecoration.png,0x31aa30,mobile raw field_40 used as section_number
mobile_vf2_android,6,Accessory/Small Decor,27,,,293,0x2c5,75,2,6,0x6aa,0x6ab,eString_SnowmanShortDesc,eString_SnowmanLongDesc,Snowman,"A well-crafted snowman, complete with carrot nose!",Furniture/Snowman.png,0x31aaa0,mobile raw field_40 used as section_number
mobile_vf2_android,6,Accessory/Small Decor,28,,,294,0x2c6,15,0,6,0x6ac,0x6ad,eString_StockingLargeShortDesc,eString_StockingLargeLongDesc,Large Stocking,A large stocking for the grownups in the house.,Furniture/StockingLarge.png,0x31ab10,mobile raw field_40 used as section_number
mobile_vf2_android,6,Accessory/Small Decor,29,,,295,0x2c7,10,0,6,0x6ae,0x6af,eString_StockingSmallShortDesc,eString_StockingSmallLongDesc,Small Stocking,A small stocking for the little ones.,Furniture/StockingSmall.png,0x31ab80,mobile raw field_40 used as section_number
mobile_vf2_android,6,Accessory/Small Decor,30,,,296,0x2c8,50,2,6,0x6b0,0x6b1,eString_StringOfLeavesShortDesc,eString_StringOfLeavesLongDesc,Holiday Garland,A beautifully decorated garland.,Furniture/StringOfLeaves.png,0x31abf0,mobile raw field_40 used as section_number
mobile_vf2_android,6,Accessory/Small Decor,31,,,297,0x2c9,50,2,6,0x6b2,0x6b3,eString_StringOfLightsShortDesc,eString_StringOfLightsLongDesc,Lighted Garland,A string of lights to hang on the wall.,Furniture/StringOfLights.png,0x31ac60,mobile raw field_40 used as section_number
mobile_vf2_android,6,Accessory/Small Decor,32,,,298,0x2ca,5,0,6,0x6b4,0x6b5,eString_ThanksgivingCranberryShortDesc,eString_ThanksgivingCranberryLongDesc,Cranberry Sauce,"A bowl of traditional cranberry sauce, complete with holiday garnish.",Furniture/ThanksgivingCranberry.png,0x31acd0,mobile raw field_40 used as section_number
mobile_vf2_android,6,Accessory/Small Decor,33,,,299,0x2cb,5,0,6,0x6b6,0x6b7,eString_ThanksgivingDressingShortDesc,eString_ThanksgivingDressingLongDesc,Dressing,A heaping bowl of dressing.,Furniture/ThanksgivingDressing.png,0x31ad40,mobile raw field_40 used as section_number
mobile_vf2_android,6,Accessory/Small Decor,34,,,300,0x2cc,5,0,6,0x6b8,0x6b9,eString_ThanksgivingGravyShortDesc,eString_ThanksgivingGravyLongDesc,Gravy,A gravy boat filled with piping hot gravy.,Furniture/ThanksgivingGravy.png,0x31adb0,mobile raw field_40 used as section_number
mobile_vf2_android,6,Accessory/Small Decor,35,,,301,0x2cd,5,0,6,0x6ba,0x6bb,eString_ThanksgivingGreenBeansShortDesc,eString_ThanksgivingGreenBeansLongDesc,Green Beans,Green beans! Everyone's favorite holiday veggie!,Furniture/ThanksgivingGreenBeans.png,0x31ae20,mobile raw field_40 used as section_number
mobile_vf2_android,6,Accessory/Small Decor,36,,,302,0x2ce,35,0,6,0x6bc,0x6bd,eString_ThanksgivingHamShortDesc,eString_ThanksgivingHamLongDesc,Holiday Ham,Spiral cut and baked to perfection!,Furniture/ThanksgivingHam.png,0x31ae90,mobile raw field_40 used as section_number
mobile_vf2_android,6,Accessory/Small Decor,37,,,303,0x2cf,5,0,6,0x6be,0x6bf,eString_ThanksgivingMashedPotatoesShortDesc,eString_ThanksgivingMashedPotatoesLongDesc,Mashed Potatoes,Bring on the gravy!,Furniture/ThanksgivingMashedPotatoes.png,0x31af00,mobile raw field_40 used as section_number
mobile_vf2_android,6,Accessory/Small Decor,38,,,304,0x2d0,10,0,6,0x6c0,0x6c1,eString_ThanksgivingPieShortDesc,eString_ThanksgivingPieLongDesc,Pumpkin Pie,"Pumpkin pie, just like grandma always made!",Furniture/ThanksgivingPie.png,0x31af70,mobile raw field_40 used as section_number
mobile_vf2_android,6,Accessory/Small Decor,39,,,305,0x2d1,10,0,6,0x6c2,0x6c3,eString_ThanksgivingSouffleShortDesc,eString_ThanksgivingSouffleLongDesc,Holiday Souffle,"It's the perfect souffle! Light, fluffy, and green!",Furniture/ThanksgivingSouffle.png,0x31afe0,mobile raw field_40 used as section_number
mobile_vf2_android,6,Accessory/Small Decor,40,,,306,0x2d2,25,0,6,0x6c4,0x6c5,eString_ThanksgivingTurkeyShortDesc,eString_ThanksgivingTurkeyLongDesc,Holiday Turkey,It's moist and golden brown! Who gets the drumsticks?,Furniture/ThanksgivingTurkey.png,0x31b050,mobile raw field_40 used as section_number
mobile_vf2_android,3,Welcome Mat/Floor Decor,41,,,307,0x2d3,150,2,3,0x6c6,0x6c7,eString_WelcomeMatShortDesc,eString_WelcomeMatLongDesc,Holiday Welcome Mat,It's red with holly leaves and berries!,Furniture/WelcomeMat.png,0x31b0c0,mobile raw field_40 used as section_number
mobile_vf2_android,6,Accessory/Small Decor,42,,,308,0x2d4,125,2,6,0x6c8,0x6c9,eString_Wreath1ShortDesc,eString_Wreath1LongDesc,Lighted Wreath,A lovely evergreen wreath decorated with multi-colored lights!,Furniture/Wreath1.png,0x31b130,mobile raw field_40 used as section_number
mobile_vf2_android,6,Accessory/Small Decor,43,,,309,0x2d5,100,2,6,0x6ca,0x6cb,eString_Wreath2ShortDesc,eString_Wreath2LongDesc,Holiday Wreath,A fragrant evergreen wreath decorated with ornaments and a bright red bow!,Furniture/Wreath2.png,0x31b1a0,mobile raw field_40 used as section_number
mobile_vf2_android,6,Accessory/Small Decor,44,,,310,0x2d6,45,0,6,0x742,0x743,eString_SoapBlackStdShortDesc,eString_SoapBlackStdLongDesc,Black Designer Soap,Black Designer Soap,Furniture/SoapBlackStd.png,0x31b210,mobile raw field_40 used as section_number
mobile_vf2_android,6,Accessory/Small Decor,45,,,311,0x2d7,45,0,6,0x744,0x745,eString_SoapGreenStdShortDesc,eString_SoapGreenStdLongDesc,Green Designer Soap,Green Designer Soap,Furniture/SoapGreenStd.png,0x31b280,mobile raw field_40 used as section_number
mobile_vf2_android,5,Furniture/Placeable,46,,,312,0x2d8,150,0,5,0x746,0x747,eString_TowelRackBathroomBrownStdShortDesc,eString_TowelRackBathroomBrownStdLongDesc,Brown Towel Set,Brown Towel Set,Furniture/TowelRackBathroomBrownStd.png,0x31b2f0,mobile raw field_40 used as section_number
mobile_vf2_android,5,Furniture/Placeable,47,,,313,0x2d9,150,0,5,0x748,0x749,eString_TowelRackBathroomPinkStdShortDesc,eString_TowelRackBathroomPinkStdLongDesc,Pink Towel Set,Pink Towel Set,Furniture/TowelRackBathroomPinkStd.png,0x31b360,mobile raw field_40 used as section_number
mobile_vf2_android,6,Accessory/Small Decor,48,,,314,0x2da,10,0,6,0x74a,0x74b,eString_Balloons_birthdayShortDesc,eString_Balloons_birthdayLongDesc,Birthday Balloons!,"Colorful helium-filled birthday balloons, perfect for making any birthday party extra special!",Furniture/Balloons_birthday.png,0x31b3d0,mobile raw field_40 used as section_number
mobile_vf2_android,6,Accessory/Small Decor,49,,,315,0x2db,15,0,6,0x74c,0x74d,eString_Birthday_bannerShortDesc,eString_Birthday_bannerLongDesc,Birthday Banner,Set the party mood with this large birthday banner to hang on the wall!,Furniture/Birthday_banner.png,0x31b440,mobile raw field_40 used as section_number
mobile_vf2_android,6,Accessory/Small Decor,50,,,316,0x2dc,25,0,6,0x74e,0x74f,eString_Birthday_cakeShortDesc,eString_Birthday_cakeLongDesc,Birthday Cake,You say it's your birthday? Seize the cake!,Furniture/Birthday_cake.png,0x31b4b0,mobile raw field_40 used as section_number
mobile_vf2_android,6,Accessory/Small Decor,51,,,317,0x2dd,50,0,6,0x750,0x751,eString_Birthday_presentsShortDesc,eString_Birthday_presentsLongDesc,Birthday Presents,What birthday party is complete without presents?,Furniture/Birthday_presents.png,0x31b520,mobile raw field_40 used as section_number
mobile_vf2_android,5,Furniture/Placeable,52,,,318,0x2de,250,4,5,0x752,0x753,eString_Chaise_blueShortDesc,eString_Chaise_blueLongDesc,Blue Lounge Chair,Your family members will enjoy some laid back outdoor relaxation in this comfy chaise!,Furniture/Chaise_blue.png,0x31b590,mobile raw field_40 used as section_number
mobile_vf2_android,5,Furniture/Placeable,53,,,319,0x2df,250,4,5,0x754,0x755,eString_Chaise_brownShortDesc,eString_Chaise_brownLongDesc,Brown Lounge Chair,Your family members will enjoy some laid back outdoor relaxation in this comfy chaise!,Furniture/Chaise_brown.png,0x31b600,mobile raw field_40 used as section_number
mobile_vf2_android,5,Furniture/Placeable,54,,,320,0x2e0,250,4,5,0x756,0x757,eString_Chaise_greenShortDesc,eString_Chaise_greenLongDesc,Green Lounge Chair,Your family members will enjoy some laid back outdoor relaxation in this comfy chaise!,Furniture/Chaise_green.png,0x31b670,mobile raw field_40 used as section_number
mobile_vf2_android,5,Furniture/Placeable,55,,,321,0x2e1,250,4,5,0x758,0x759,eString_Chaise_redShortDesc,eString_Chaise_redLongDesc,Red Lounge Chair,Your family members will enjoy some laid back outdoor relaxation in this comfy chaise!,Furniture/Chaise_red.png,0x31b6e0,mobile raw field_40 used as section_number
mobile_vf2_android,5,Furniture/Placeable,56,,,322,0x2e2,175,3,5,0x75a,0x75b,eString_Lamp_office_blackShortDesc,eString_Lamp_office_blackLongDesc,Black Floor Lamp,"Light up the room with this elegant, black floor lamp.",Furniture/Lamp_office_black.png,0x31b750,mobile raw field_40 used as section_number
mobile_vf2_android,5,Furniture/Placeable,57,,,323,0x2e3,175,3,5,0x75c,0x75d,eString_Lamp_office_chromeShortDesc,eString_Lamp_office_chromeLongDesc,Chrome Floor Lamp,Light up the room with this shiny floor lamp.,Furniture/Lamp_office_chrome.png,0x31b7c0,mobile raw field_40 used as section_number
mobile_vf2_android,0,Outdoor Ground/Patio,58,,,324,0x2e4,4500,4,0,0x75e,0x75f,eString_Patio_brickShortDesc,eString_Patio_brickLongDesc,Brick Patio,"Give your family a stylish outdoor area for barbecues, picnics, or just relaxing outside!",Furniture/Patio_brick.png,0x31b830,mobile raw field_40 used as section_number
mobile_vf2_android,0,Outdoor Ground/Patio,59,,,325,0x2e5,5500,4,0,0x760,0x761,eString_Patio_cobblestoneShortDesc,eString_Patio_cobblestoneLongDesc,Cobblestone Patio,Cobblestone Patio,Furniture/Patio_cobblestone.png,0x31b8a0,mobile raw field_40 used as section_number
mobile_vf2_android,5,Furniture/Placeable,60,,,326,0x2e6,850,4,5,0x762,0x763,eString_Patio_tableShortDesc,eString_Patio_tableLongDesc,Patio Table,A cozy patio table for two.,Furniture/Patio_table.png,0x31b910,mobile raw field_40 used as section_number
mobile_vf2_android,5,Furniture/Placeable,61,,,327,0x2e7,125,4,5,0x764,0x765,eString_Patio_umbrellaShortDesc,eString_Patio_umbrellaLongDesc,Patio Umbrella,A large umbrella to provide some shade outdoors!,Furniture/Patio_umbrella.png,0x31b980,mobile raw field_40 used as section_number
mobile_vf2_android,5,Furniture/Placeable,62,,,328,0x2e8,450,4,5,0x766,0x767,eString_Picnic_tableShortDesc,eString_Picnic_tableLongDesc,Picnic Table,An old-fashioned picnic table for family barbecues or outdoor meals!,Furniture/Picnic_table.png,0x31b9f0,mobile raw field_40 used as section_number
